"project","version","code_lines","test_lines","test_ratio" 
bokeh,1,30458,2197,0.07213211635695055
bokeh,2,30806,2299,0.07462831915860546
bokeh,3,78457,3859,0.04918617841620251
bokeh,4,33396,2538,0.07599712540424003
bokeh,5,86762,4219,0.04862727922362325
bokeh,6,93784,4168,0.04444254883562228
bokeh,7,89043,4353,0.04888649304268724
bokeh,8,24868,1961,0.07885636158919093
bokeh,9,25406,2784,0.10958041407541526
bokeh,10,125481,5003,0.03987057801579522
bokeh,11,125628,4228,0.03365491769350782
bokeh,12,134457,4337,0.032255665380009964
bokeh,13,151591,7907,0.05216008865961699
bokeh,14,180034,7968,0.04425830676427786
bokeh,15,186428,4886,0.026208509451369967
bokeh,16,189164,4915,0.0259827451312089
bokeh,17,191203,5406,0.028273614953740266
bokeh,18,98765,6059,0.06134764339593986
bokeh,19,98423,5465,0.055525639332269894
bokeh,20,93085,5442,0.05846269538593758
bokeh,21,97405,6045,0.06206046917509368
bokeh,22,95850,4285,0.044705268648930624
bokeh,23,100299,5719,0.05701951166013619
bokeh,24,100243,6108,0.060931935396985326
chef,1,82361,38583,0.4684620147885528
chef,2,83235,39067,0.46935784225385957
chef,3,83558,39434,0.47193566145671273
chef,4,1770,0,0
chef,5,73065,38463,0.526421679326627
chef,6,74344,39442,0.530533735069407
chef,7,1908,0,0
chef,8,1874,0,0
chef,9,78750,42519,0.5399238095238095
chef,10,80811,43535,0.5387261635173429
chef,11,80967,44022,0.5437029901070807
chef,12,591,0,0
chef,13,94180,53132,0.564153748141856
chef,14,95417,54071,0.5666809897607344
chef,15,96362,54829,0.5689898507710508
chef,16,96692,55022,0.569043974682497
chef,17,98792,56405,0.5709470402461738
chef,18,99778,57056,0.5718294614043176
chef,19,100162,57280,0.5718735648249835
chef,20,101332,58140,0.57375754944144
chef,21,103569,58715,0.5669167414960075
chef,22,105646,60193,0.5697612782310736
chef,23,107627,61658,0.5728859858585671
chef,24,109400,62717,0.5732815356489945
cython,1,46559,2368,0.05086019888743315
cython,2,46912,2368,0.0504774897680764
cython,3,46896,2377,0.05068662572500853
cython,4,47059,2377,0.05051106058352281
cython,5,47271,2410,0.0509826320577098
cython,6,47712,2410,0.05051140174379611
cython,7,48029,2410,0.05017801744779196
cython,8,48193,2412,0.050048762268379225
cython,9,48414,2530,0.052257611434708966
cython,10,48539,2538,0.05228785100640722
cython,11,48495,2532,0.05221156820290752
cython,12,48891,2540,0.051952302059683785
cython,13,49080,2562,0.052200488997555014
cython,14,49188,2562,0.052085874603561844
cython,15,50166,2733,0.05447912929075469
cython,16,50603,2859,0.05649862656364247
cython,17,50816,2876,0.0565963476070529
cython,18,50894,2876,0.05650960820528943
cython,19,50908,2876,0.05649406773002279
cython,20,51018,2876,0.05637226077070838
cython,21,51363,2877,0.05601308334793528
cython,22,51428,2877,0.055942288247647194
cython,23,51506,2877,0.05585756999184561
cython,24,51839,2934,0.056598314010686934
grails-core,1,143795,50094,0.34837094474773117
grails-core,2,148434,51394,0.34624142716628264
grails-core,3,150554,52656,0.349748263081685
grails-core,4,151655,53245,0.3510929412152583
grails-core,5,152021,53437,0.3515106465554101
grails-core,6,153859,54453,0.3539149481018335
grails-core,7,156065,55585,0.3561657001890238
grails-core,8,156638,56096,0.35812510374238693
grails-core,9,157161,56527,0.3596757465274464
grails-core,10,160064,58786,0.367265593762495
grails-core,11,161691,59514,0.36807243445831866
grails-core,12,163143,59762,0.36631666697314624
grails-core,13,162765,59877,0.36787392867016866
grails-core,14,168012,62166,0.3700092850510678
grails-core,15,168283,62349,0.37050088244207674
grails-core,16,162781,59766,0.36715587199980343
grails-core,17,162961,59654,0.36606304575941484
grails-core,18,146506,56190,0.383533780186477
grails-core,19,147512,56081,0.3801792396550789
grails-core,20,145728,52333,0.3591142402283707
grails-core,21,146285,52402,0.3582185459889941
grails-core,22,143936,51206,0.35575533570475765
grails-core,23,143726,50951,0.35450092537188815
grails-core,24,143968,51021,0.35439125361191376
sympy,1,123718,42711,0.3452286651901906
sympy,2,129028,44626,0.34586291347614473
sympy,3,132112,46192,0.3496427273828267
sympy,4,135883,47391,0.3487632742874385
sympy,5,139412,49336,0.35388632255472985
sympy,6,140981,49930,0.3541611990268192
sympy,7,145794,51373,0.3523670384240778
sympy,8,151401,54930,0.36281134206511184
sympy,9,154826,56653,0.3659139937736556
sympy,10,157046,57628,0.3669498108834354
sympy,11,159348,59024,0.3704094183798981
sympy,12,160376,59772,0.3726991569810944
sympy,13,166339,62229,0.3741094992755758
sympy,14,167170,62686,0.3749835496799665
sympy,15,172846,64801,0.37490598567510963
sympy,16,175149,65670,0.37493791000805027
sympy,17,184020,70617,0.38374633192044344
sympy,18,186713,71848,0.38480448602936057
sympy,19,187307,72203,0.38547945351748736
sympy,20,188849,72734,0.38514368622550293
sympy,21,191335,74107,0.3873154415031228
sympy,22,204896,76875,0.37519034046540684
sympy,23,203953,78274,0.3837844993699529
sympy,24,205521,79053,0.38464682441210385
scipy,1,84921,36007,0.42400584072255393
scipy,2,84906,35992,0.42390408216144915
scipy,3,85178,36147,0.42437014252506516
scipy,4,85464,36348,0.42530188149396236
scipy,5,85640,36376,0.4247547874824848
scipy,6,86706,36647,0.42265817821142715
scipy,7,86949,37114,0.42684792234528285
scipy,8,88165,37854,0.42935405206147564
scipy,9,88906,38322,0.4310395248914584
scipy,10,89618,38846,0.433462027717646
scipy,11,90900,39860,0.43850385038503853
scipy,12,92164,40648,0.4410398854216397
scipy,13,94308,41667,0.44181829749331974
scipy,14,95991,42671,0.44453125813878386
scipy,15,97195,43168,0.4441380729461392
scipy,16,98473,43962,0.44643709443197627
scipy,17,99869,45100,0.45159158497631896
scipy,18,100566,45504,0.4524789690352604
scipy,19,102104,46534,0.4557509989814307
scipy,20,102519,46758,0.45609106604629385
scipy,21,104905,48557,0.4628664029359897
scipy,22,105855,49430,0.4669595200982476
scipy,23,105612,49444,0.46816649623148887
scipy,24,106011,49775,0.4695267472243446
hapi,1,4817,105,0.021797799460244967
hapi,2,4111,50,0.012162490878131841
hapi,3,2323,191,0.08222126560482135
hapi,4,2365,170,0.07188160676532769
hapi,5,2200,0,0
hapi,6,4201,997,0.23732444656034277
hapi,7,2912,469,0.16105769230769232
hapi,8,5990,2712,0.45275459098497495
hapi,9,8381,4687,0.559241140675337
hapi,10,7299,4289,0.5876147417454446
hapi,11,8759,5177,0.5910492065304258
hapi,12,11538,6826,0.5916103310799099
hapi,13,12788,7733,0.6047075383171724
hapi,14,12649,7652,0.6049490078267057
hapi,15,13201,7937,0.6012423301265055
hapi,16,13766,8412,0.6110707540316722
hapi,17,14206,8749,0.6158665352667887
hapi,18,14355,8815,0.6140717520027865
hapi,19,14457,8895,0.6152728781904959
hapi,20,15133,9365,0.6188462300931739
hapi,21,15813,9802,0.6198697274394486
hapi,22,15960,9889,0.6196115288220552
hapi,23,14109,8913,0.6317244312141187
hapi,24,14881,9496,0.6381291579866945
mrjob,1,15340,7634,0.49765319426336374
mrjob,2,16090,8176,0.508141702921069
mrjob,3,16707,8682,0.5196624169509786
mrjob,4,16760,8710,0.5196897374701671
mrjob,5,16920,8776,0.518676122931442
mrjob,6,17063,8873,0.5200140655218894
mrjob,7,18562,9854,0.5308695183708652
mrjob,8,18995,10091,0.5312450644906554
mrjob,9,19060,10137,0.5318467995802728
mrjob,10,19056,10135,0.5318534844668346
mrjob,11,19073,10137,0.5314842971740156
mrjob,12,19178,10231,0.5334758577536761
mrjob,13,19221,10257,0.5336350866240049
mrjob,14,19393,10426,0.5376166658072501
mrjob,15,19405,10428,0.5373872713218243
mrjob,16,19419,10439,0.537566301045368
mrjob,17,19450,10457,0.5376349614395887
mrjob,18,19617,10560,0.5383086098791864
mrjob,19,19452,10439,0.5366543286037425
mrjob,20,20141,10770,0.5347301524254009
mrjob,21,20706,11138,0.5379117164107022
mrjob,22,20741,11169,0.5384986259100333
mrjob,23,21014,11354,0.5403064623584277
mrjob,24,21131,11433,0.5410534286119919
underscore,1,4109,3423,0.8330494037478705
underscore,2,3582,2890,0.8068118369625907
underscore,3,3634,2925,0.8048981838194826
underscore,4,3704,2978,0.8039956803455723
underscore,5,3853,3111,0.8074227874383597
underscore,6,10399,9640,0.9270122127127608
underscore,7,10386,9640,0.9281725399576353
underscore,8,10410,9650,0.9269932756964457
underscore,9,10555,9746,0.9233538607295121
underscore,10,10680,9850,0.9222846441947565
underscore,11,10688,9855,0.922062125748503
underscore,12,10756,9907,0.9210673112681295
underscore,13,10808,9958,0.9213545521835678
underscore,14,10828,9978,0.9214998152936831
underscore,15,10976,10109,0.921009475218659
underscore,16,10999,10135,0.9214474043094827
underscore,17,11003,10140,0.9215668454057985
underscore,18,11015,10150,0.9214707217430776
underscore,19,11117,10253,0.9222811909687866
underscore,20,11149,10276,0.921697013185039
underscore,21,11176,10289,0.9206335003579098
underscore,22,11181,10291,0.9204006797245327
underscore,23,11200,10300,0.9196428571428571
underscore,24,11221,10310,0.9188129400231708
cesium,1,684125,100212,0.14648200255801205
cesium,2,691414,103796,0.1501213455324885
cesium,3,423302,102685,0.24258094693622992
cesium,4,429285,106104,0.24716447115552606
cesium,5,431609,107032,0.24798370747597942
cesium,6,437103,109770,0.2511307403518164
cesium,7,447895,110895,0.2475915114033423
cesium,8,496162,120961,0.24379335781458475
cesium,9,507775,121857,0.23998227561419921
cesium,10,509736,122828,0.24096394996625703
cesium,11,512006,123045,0.24031944938145255
cesium,12,213787,64675,0.3025207332531913
cesium,13,224025,70021,0.31255886619796897
cesium,14,229542,71990,0.31362452187399253
cesium,15,242797,75339,0.31029625571979885
cesium,16,240460,76568,0.31842302254013144
cesium,17,243849,78191,0.3206533551501134
cesium,18,248179,79519,0.3204098654600107
cesium,19,246667,79953,0.324133345765749
cesium,20,250275,81561,0.32588552592148634
cesium,21,259094,84656,0.326738558206674
cesium,22,261179,85473,0.327258317092875
cesium,23,264860,87432,0.3301064713433512
cesium,24,246399,74754,0.3033859715339754
pdf.js,1,34714,1738,0.050066255689347236
pdf.js,2,35570,1738,0.04886140005622716
pdf.js,3,37943,2055,0.0541601876498959
pdf.js,4,38556,2396,0.06214337586886606
pdf.js,5,39902,2482,0.06220239586988121
pdf.js,6,41096,2482,0.06039517227954059
pdf.js,7,41480,2523,0.060824493731919
pdf.js,8,42021,2564,0.061017110492372864
pdf.js,9,44245,2585,0.058424680754887555
pdf.js,10,45129,2826,0.06262048793458752
pdf.js,11,46744,3542,0.07577443094300873
pdf.js,12,46911,3624,0.0772526699494788
pdf.js,13,47319,3750,0.07924935015532873
pdf.js,14,48270,3835,0.07944893308473172
pdf.js,15,48473,3945,0.0813855135848823
pdf.js,16,50595,4039,0.07983002272951872
pdf.js,17,51802,4055,0.0782788309331686
pdf.js,18,52132,4063,0.07793677587662089
pdf.js,19,52291,4045,0.07735556787974986
pdf.js,20,52726,4044,0.07669840306490157
pdf.js,21,53662,4124,0.07685140322760986
pdf.js,22,53975,4124,0.07640574339972209
pdf.js,23,54741,4157,0.07593942383222813
pdf.js,24,55093,4163,0.07556313869275588
core,1,101534,5888,0.05799042685208895
core,2,104379,6298,0.06033780741336859
core,3,147672,9367,0.06343111761200498
core,4,151098,9729,0.06438867489973395
core,5,161564,13587,0.08409670471144562
core,6,168669,13675,0.0810759534947145
core,7,171612,14412,0.08398014124886372
core,8,173888,14875,0.08554356827383143
core,9,181352,19239,0.10608650580087343
core,10,182985,20026,0.10944066453534443
core,11,189093,22312,0.11799484909541866
core,12,194919,23577,0.12095793637357057
core,13,190364,28499,0.14970792796957408
core,14,192957,30274,0.1568950595210332
core,15,196292,31605,0.1610101277688342
core,16,212740,34302,0.16123907116668235
core,17,214949,36077,0.1678398131649833
core,18,219737,37422,0.17030359020101302
core,19,225808,38773,0.17170782257493092
core,20,235729,42414,0.17992695001463546
core,21,243001,45399,0.18682639166093967
core,22,250916,48843,0.1946587702657463
core,23,258693,52982,0.20480646944447667
core,24,261749,55867,0.21343730062005967
backbone,1,12938,12071,0.9329880970783738
backbone,2,13435,12501,0.9304800893189431
backbone,3,13844,12810,0.9253106038717134
backbone,4,13906,12856,0.9244930245937005
backbone,5,14044,12967,0.9233124465964113
backbone,6,14174,13096,0.9239452518696204
backbone,7,14382,13299,0.924697538589904
backbone,8,14560,13330,0.915521978021978
backbone,9,14611,13390,0.9164328245842174
backbone,10,14843,13577,0.9147072694199286
backbone,11,14959,13697,0.9156360719299418
backbone,12,15053,13792,0.9162293230585266
backbone,13,14275,12946,0.9069001751313485
backbone,14,14695,13386,0.9109220823409323
backbone,15,14828,13504,0.9107094685729701
backbone,16,14872,13560,0.9117805271651426
backbone,17,13958,12632,0.9050007164350193
backbone,18,13984,12655,0.9049628146453089
backbone,19,14027,12698,0.9052541527054966
backbone,20,14096,12767,0.9057179341657208
backbone,21,14096,12767,0.9057179341657208
backbone,22,14096,12767,0.9057179341657208
backbone,23,14178,12854,0.9066158837635774
backbone,24,15621,14280,0.9141540234299981
ansible,1,17146,1535,0.0895252537034877
ansible,2,18090,1843,0.10187949143173024
ansible,3,18174,1843,0.1014086057004512
ansible,4,18942,1853,0.09782493928835392
ansible,5,19747,2044,0.10350939383197448
ansible,6,20825,2163,0.1038655462184874
ansible,7,21108,2247,0.10645252984650369
ansible,8,22931,2964,0.12925733722907853
ansible,9,24672,3424,0.13878080415045396
ansible,10,25144,3415,0.13581769010499523
ansible,11,34588,3475,0.10046837053313287
ansible,12,36768,3551,0.09657854656222803
ansible,13,38552,3627,0.09408072214152313
ansible,14,39346,3952,0.10044223046815433
ansible,15,42565,4836,0.11361447198402444
ansible,16,44323,5201,0.11734314013040634
ansible,17,46451,5312,0.11435706443348906
ansible,18,48726,5389,0.11059803800845544
ansible,19,32159,3683,0.11452470537019185
ansible,20,34069,4147,0.1217235610085415
ansible,21,35492,4292,0.12092865997971373
ansible,22,36340,4360,0.11997798569069895
ansible,23,37244,4426,0.11883793362689292
ansible,24,38148,4439,0.11636258781587501
ipython,1,54358,5278,0.09709702343721255
ipython,2,65180,5602,0.08594660938938324
ipython,3,63721,5693,0.08934260290955885
ipython,4,65045,6092,0.093658236605427
ipython,5,67689,6659,0.0983763979376265
ipython,6,68862,6964,0.10112979582353113
ipython,7,68271,6998,0.10250325907046916
ipython,8,70773,7292,0.10303364277337403
ipython,9,70924,7326,0.10329366645987254
ipython,10,71811,7467,0.1039812842043698
ipython,11,73569,8512,0.1157009066318694
ipython,12,73453,9441,0.12853116959143943
ipython,13,94614,9949,0.10515357135307671
ipython,14,105151,10665,0.10142556894370952
ipython,15,105728,10783,0.10198812046004843
ipython,16,106247,10920,0.10277937259404972
ipython,17,106751,11026,0.10328708864553962
ipython,18,106916,11119,0.10399753077182086
ipython,19,1549,326,0.210458360232408
ipython,20,109516,11777,0.10753679827605099
ipython,21,1729,326,0.18854829381145172
ipython,22,2840,778,0.273943661971831
ipython,23,96968,11786,0.12154525204191073
ipython,24,3095,762,0.24620355411954767
gollum,1,9705,1164,0.11993817619783617
gollum,2,9979,1334,0.13368072953201723
gollum,3,15558,1410,0.09062861550327805
gollum,4,105407,7308,0.06933125883480225
gollum,5,99232,7441,0.07498589164785553
gollum,6,99074,7482,0.07551930879948321
gollum,7,99105,7494,0.07561677009232633
gollum,8,99363,7636,0.07684953151575537
gollum,9,99664,7744,0.07770107561406325
gollum,10,75203,8492,0.11292102708668537
gollum,11,75203,8499,0.11301410847971491
gollum,12,75463,8661,0.11477147741277183
gollum,13,72159,7033,0.09746531964134758
gollum,14,72160,7033,0.09746396895787139
gollum,15,72191,7058,0.0977684198861354
gollum,16,72200,7063,0.09782548476454293
gollum,17,72278,7063,0.09771991477351338
gollum,18,72291,7077,0.09789600365190687
gollum,19,72291,7077,0.09789600365190687
gollum,20,72295,7077,0.09789058717753649
gollum,21,72290,7069,0.09778669248858764
gollum,22,72287,7069,0.0977907507573976
gollum,23,72310,7077,0.0978702807357212
gollum,24,72320,7077,0.09785674778761062
jsbin,1,51636,0,0
jsbin,2,79177,53,0.0006693863116814226
jsbin,3,77599,5292,0.06819675511282362
jsbin,4,77718,5292,0.06809233382228055
jsbin,5,77942,5292,0.06789664109209412
jsbin,6,78165,5343,0.0683554020341585
jsbin,7,76597,5496,0.07175215739519825
jsbin,8,76809,5451,0.07096824590868257
jsbin,9,76904,5451,0.0708805783834391
jsbin,10,77048,5451,0.07074810507735438
jsbin,11,77049,5451,0.07074718685511817
jsbin,12,77066,5451,0.07073158072301663
jsbin,13,77439,5476,0.07071372305944033
jsbin,14,104534,6359,0.06083188244972927
jsbin,15,204061,59105,0.28964378298645993
jsbin,16,198016,59141,0.2986677844214609
jsbin,17,198178,59141,0.29842363935451965
jsbin,18,257226,59141,0.22991843748299162
jsbin,19,295921,59214,0.2001007025523704
jsbin,20,300092,60381,0.20120829612252242
jsbin,21,301362,60476,0.20067559944518554
jsbin,22,295181,60527,0.20505046056487375
jsbin,23,295864,60527,0.20457710299326717
jsbin,24,298515,60527,0.20276033030165988
humhub,1,802988,3208,0.003995078382242325
humhub,2,804757,3208,0.0039862964845288704
humhub,3,804949,3208,0.00398534565543904
humhub,4,808903,3222,0.0039831722715826245
humhub,5,807810,3469,0.004294326636213961
humhub,6,809587,4085,0.005045782602734481
humhub,7,828548,5328,0.0064305266562709705
humhub,8,837862,5328,0.0063590424198734395
humhub,9,846112,5328,0.0062970386899133925
humhub,10,847725,5328,0.006285057064496152
humhub,11,849095,5328,0.0062749162343436245
humhub,12,849253,5330,0.0062761038230068076
humhub,13,872940,5885,0.006741585905102298
humhub,14,1032491,6928,0.006709985849755591
humhub,15,877190,5885,0.006708922810337555
humhub,16,92636,1345,0.01451919340213308
humhub,17,93738,1312,0.01399645821331797
humhub,18,96298,1312,0.013624374337992481
humhub,19,98218,1319,0.013429310309719196
humhub,20,99891,1319,0.013204392788139072
humhub,21,101848,1318,0.01294085303589663
humhub,22,95431,1334,0.013978686171160314
humhub,23,95770,1334,0.01392920538790853
humhub,24,97548,1364,0.013982859720342805
kibana,1,719,0,0
kibana,2,2591,0,0
kibana,3,3203,0,0
kibana,4,48577,3217,0.06622475657204027
kibana,5,149484,27749,0.18563190709373578
kibana,6,211502,14685,0.06943196754640618
kibana,7,155249,14591,0.09398450231563488
kibana,8,102673,9815,0.09559475227177544
kibana,9,658993,9976,0.015138248812961594
kibana,10,19878,7568,0.3807224066807526
kibana,11,22908,10161,0.44355683603981144
kibana,12,28324,13861,0.4893729699195029
kibana,13,32341,15812,0.48891499953619244
kibana,14,163824,83304,0.5084969235276883
kibana,15,181808,162327,0.8928484995159729
kibana,16,184490,163260,0.8849260122499865
kibana,17,186537,164163,0.8800559674488171
kibana,18,187897,164928,0.8777574947976817
kibana,19,65488,42177,0.6440416564866845
kibana,20,70122,44737,0.637988077921337
kibana,21,73168,46608,0.6369997813251694
kibana,22,75147,47736,0.6352349395185437
kibana,23,70689,23503,0.33248454497870955
kibana,24,72056,24528,0.34040190962584654
spinnaker,1,0,0,0
spinnaker,2,19,0,0
spinnaker,3,19,0,0
spinnaker,4,19,0,0
spinnaker,5,19,0,0
spinnaker,6,19,0,0
spinnaker,7,19,0,0
spinnaker,8,19,0,0
spinnaker,9,19,0,0
spinnaker,10,19,0,0
spinnaker,11,2718,146,0.05371596762325239
spinnaker,12,7654,443,0.05787823360334465
spinnaker,13,7496,586,0.07817502668089647
spinnaker,14,7496,586,0.07817502668089647
spinnaker,15,7684,647,0.08420093701197293
spinnaker,16,7692,650,0.0845033801352054
spinnaker,17,7819,650,0.08313083514515923
spinnaker,18,7861,650,0.08268668108383158
spinnaker,19,7969,708,0.08884427155226503
spinnaker,20,8178,721,0.08816336512594766
spinnaker,21,8163,721,0.08832537057454368
spinnaker,22,8173,721,0.08821730086871406
spinnaker,23,8191,721,0.08802344036137223
spinnaker,24,13707,4789,0.34938352666520756
etherpad-lite,1,26123,0,0
etherpad-lite,2,26586,0,0
etherpad-lite,3,27156,0,0
etherpad-lite,4,29357,0,0
etherpad-lite,5,29433,0,0
etherpad-lite,6,29755,0,0
etherpad-lite,7,29418,0,0
etherpad-lite,8,29436,0,0
etherpad-lite,9,29659,0,0
etherpad-lite,10,31167,0,0
etherpad-lite,11,29598,0,0
etherpad-lite,12,34970,5232,0.14961395481841577
etherpad-lite,13,36365,5470,0.15041935927402722
etherpad-lite,14,36427,5548,0.1523046092184369
etherpad-lite,15,36941,5647,0.1528653799301589
etherpad-lite,16,37724,5784,0.15332414378114728
etherpad-lite,17,38374,5894,0.1535935789857716
etherpad-lite,18,38483,5959,0.15484759504196657
etherpad-lite,19,38500,5959,0.15477922077922077
etherpad-lite,20,38548,5959,0.1545864895714434
etherpad-lite,21,38611,6010,0.15565512418740773
etherpad-lite,22,38611,6010,0.15565512418740773
etherpad-lite,23,38663,6010,0.1554457750303908
etherpad-lite,24,38723,6010,0.15520491697440797
openhab,1,221425,7441,0.03360505814609913
openhab,2,221932,6042,0.02722455526918155
openhab,3,229985,6808,0.02960193056068874
openhab,4,231065,6997,0.030281522515309543
openhab,5,233493,7021,0.030069423922772846
openhab,6,242338,7089,0.02925253158811247
openhab,7,253861,7274,0.02865347572096541
openhab,8,257715,7311,0.028368546650369593
openhab,9,261443,7418,0.02837329743003255
openhab,10,281197,7459,0.02652588754503071
openhab,11,287321,7490,0.02606840432826003
openhab,12,295414,7692,0.026038034758000636
openhab,13,316284,8369,0.02646039635264509
openhab,14,316919,8369,0.026407378541520074
openhab,15,317987,8371,0.02632497554931491
openhab,16,319038,8371,0.026238253750336952
openhab,17,319521,8371,0.026198591015926965
openhab,18,321967,8423,0.026161066196225078
openhab,19,337866,8415,0.024906323808847296
openhab,20,342383,8439,0.024647835903067617
openhab,21,324125,10329,0.03186733513305052
openhab,22,331138,10908,0.03294094909071143
openhab,23,335587,10908,0.03250423884119468
openhab,24,321779,10023,0.031148707653389437
scikit-learn,1,29634,8026,0.27083755146115945
scikit-learn,2,31821,8608,0.27051318311806666
scikit-learn,3,607,0,0
scikit-learn,4,35133,9632,0.2741581988443913
scikit-learn,5,36679,10135,0.2763161482046948
scikit-learn,6,37334,10488,0.280923554936519
scikit-learn,7,37939,10709,0.2822689053480587
scikit-learn,8,38733,11044,0.2851315415795317
scikit-learn,9,39088,11288,0.2887842816209578
scikit-learn,10,40217,11815,0.293781236790412
scikit-learn,11,40566,12081,0.2978109747078834
scikit-learn,12,41736,12634,0.30271228675483997
scikit-learn,13,44052,13714,0.31131390175247436
scikit-learn,14,45738,14597,0.3191438191438191
scikit-learn,15,47221,15218,0.3222718705660617
scikit-learn,16,48122,15834,0.3290386933211421
scikit-learn,17,48535,16186,0.3334912949417946
scikit-learn,18,49214,16347,0.3321615800382005
scikit-learn,19,52307,16829,0.32173514061215513
scikit-learn,20,48676,16317,0.33521653381543265
scikit-learn,21,65651,19523,0.29737551598604745
scikit-learn,22,65924,19758,0.2997087555366786
scikit-learn,23,60988,20423,0.33486915458778777
scikit-learn,24,61208,20527,0.3353646582146125
Ghost,1,87607,57946,0.6614311641763786
Ghost,2,87607,57946,0.6614311641763786
Ghost,3,87607,57946,0.6614311641763786
Ghost,4,87607,57946,0.6614311641763786
Ghost,5,87607,57946,0.6614311641763786
Ghost,6,87607,57946,0.6614311641763786
Ghost,7,87607,57946,0.6614311641763786
Ghost,8,10926,514,0.04704374885593996
Ghost,9,12397,1070,0.08631120432362668
Ghost,10,20618,1342,0.0650887573964497
Ghost,11,19885,2790,0.1403067638923812
Ghost,12,22473,3425,0.1524051083522449
Ghost,13,23811,4014,0.1685775481920121
Ghost,14,25501,5064,0.19858044782557546
Ghost,15,26057,5325,0.20435967302452315
Ghost,16,28484,7284,0.2557225108833029
Ghost,17,49795,8035,0.16136158248820162
Ghost,18,18991,9052,0.47664683271023117
Ghost,19,21497,10819,0.503279527375913
Ghost,20,29696,12525,0.4217739762931034
Ghost,21,34095,14107,0.41375568265141516
Ghost,22,24404,11987,0.49118996885756433
Ghost,23,28193,14386,0.5102685063668286
Ghost,24,29970,14546,0.485352018685352
pyramid,1,24090,16276,0.6756330427563304
pyramid,2,25423,17270,0.6793061401093498
pyramid,3,28634,20092,0.7016833135433401
pyramid,4,30668,20724,0.6757532281205165
pyramid,5,30960,21017,0.678843669250646
pyramid,6,32742,22122,0.6756459593183067
pyramid,7,33474,22616,0.6756288462687459
pyramid,8,33750,22822,0.6762074074074074
pyramid,9,34889,23542,0.6747685516925105
pyramid,10,35039,23731,0.6772738948029339
pyramid,11,35133,23790,0.677141149346768
pyramid,12,35156,23811,0.6772954829901012
pyramid,13,35163,23809,0.677103773853198
pyramid,14,35973,24329,0.6763127901481667
pyramid,15,36404,24655,0.6772607405779585
pyramid,16,35974,24475,0.680352476788792
pyramid,17,36639,24888,0.6792761811184803
pyramid,18,36660,25035,0.6828968903436988
pyramid,19,36663,25035,0.6828410113738647
pyramid,20,36666,25035,0.6827851415480282
pyramid,21,36693,25039,0.6823917368435396
pyramid,22,37000,25279,0.6832162162162162
pyramid,23,37005,25279,0.6831239021753817
pyramid,24,37145,25372,0.6830529007941849
yii,1,305521,9087,0.029742636349056203
yii,2,305553,9104,0.0297951582867784
yii,3,565355,9104,0.016103156423839887
yii,4,565370,9104,0.01610272918619665
yii,5,565581,9110,0.016107330338183214
yii,6,565641,9110,0.01610562176362746
yii,7,566597,9110,0.016078447291461125
yii,8,566810,9110,0.01607240521515146
yii,9,567650,9682,0.017056284682462786
yii,10,572375,9704,0.016953920069884255
yii,11,572914,9759,0.017033970194479452
yii,12,573084,9727,0.01697307899016549
yii,13,574368,10584,0.01842721042955039
yii,14,575601,11250,0.019544788838101394
yii,15,578647,12454,0.02152262087248357
yii,16,579034,12673,0.021886452263597648
yii,17,579643,12970,0.022375841681862803
yii,18,581113,13360,0.022990365040878452
yii,19,581366,13438,0.02311452682131394
yii,20,581514,13472,0.023167112055771658
yii,21,584185,13877,0.023754461343581227
yii,22,585418,14615,0.024965067695219483
yii,23,585774,14764,0.02520425966328311
yii,24,587413,15260,0.025978315086659643
logstash,1,19735,3146,0.15941221180643528
logstash,2,22007,3888,0.17667105920843368
logstash,3,21726,3361,0.15469943846083034
logstash,4,23146,3902,0.1685820444137216
logstash,5,23543,4079,0.17325744382619038
logstash,6,24822,4508,0.18161308516638466
logstash,7,25697,4881,0.1899443514807176
logstash,8,26507,5475,0.20654921341532426
logstash,9,28377,6398,0.22546428445572117
logstash,10,20941,4979,0.2377632395778616
logstash,11,21000,5036,0.2398095238095238
logstash,12,22231,5309,0.23881066978543475
logstash,13,24079,5807,0.24116450018688484
logstash,14,24574,6139,0.24981687962887605
logstash,15,25891,6589,0.25448997721215866
logstash,16,26648,7252,0.2721404983488442
logstash,17,26942,7534,0.2796377403310816
logstash,18,21509,6371,0.2962015900320796
logstash,19,22044,6800,0.30847396116857195
logstash,20,22349,7209,0.32256476799856815
logstash,21,22803,7548,0.33100907775292726
logstash,22,23253,7842,0.3372468068636305
logstash,23,23741,8275,0.3485531359251927
logstash,24,23810,8371,0.35157496850062997
kivy,1,18847,874,0.046373428131798164
kivy,2,19468,874,0.044894185329771935
kivy,3,19332,898,0.046451479412373264
kivy,4,20400,984,0.04823529411764706
kivy,5,21144,940,0.04445705637533107
kivy,6,21865,940,0.04299108163731992
kivy,7,21789,990,0.04543577034283354
kivy,8,21978,990,0.04504504504504504
kivy,9,22661,1039,0.045849697718547286
kivy,10,24066,1450,0.06025097648134297
kivy,11,24303,1094,0.04501501872196848
kivy,12,24851,1268,0.05102410365780049
kivy,13,25509,1343,0.05264808498961151
kivy,14,26120,1343,0.05141653905053599
kivy,15,29216,2776,0.09501642935377876
kivy,16,29465,2785,0.09451892075343628
kivy,17,29786,2845,0.09551467132209764
kivy,18,31127,2956,0.09496578533106306
kivy,19,31233,2971,0.09512374731854129
kivy,20,32025,2996,0.09355191256830601
kivy,21,31963,3020,0.09448424741106905
kivy,22,32506,3043,0.09361348674090937
kivy,23,32530,3060,0.09406701506301875
kivy,24,32602,3060,0.09385927243727378
ng-cordova,1,73768,3865,0.052393991974840036
ng-cordova,2,73768,3865,0.052393991974840036
ng-cordova,3,73768,3865,0.052393991974840036
ng-cordova,4,73768,3865,0.052393991974840036
ng-cordova,5,73768,3865,0.052393991974840036
ng-cordova,6,73768,3865,0.052393991974840036
ng-cordova,7,73768,3865,0.052393991974840036
ng-cordova,8,73768,3865,0.052393991974840036
ng-cordova,9,41588,5,0.00012022698855439069
ng-cordova,10,42550,5,0.00011750881316098707
ng-cordova,11,42669,5,0.0001171810916590499
ng-cordova,12,484445,1854,0.0038270598313534044
ng-cordova,13,486357,2726,0.005604936291654073
ng-cordova,14,485506,2748,0.0056600742318323564
ng-cordova,15,487512,2842,0.005829600091895174
ng-cordova,16,67922,2968,0.043697182061776745
ng-cordova,17,69937,3014,0.04309592919341693
ng-cordova,18,70247,3014,0.04290574686463479
ng-cordova,19,70961,3190,0.044954270655712295
ng-cordova,20,71677,3297,0.04599801889029954
ng-cordova,21,72917,3320,0.04553122042870661
ng-cordova,22,71625,3320,0.04635253054101222
ng-cordova,23,72358,3338,0.046131733878769454
ng-cordova,24,73332,3509,0.04785087001581847
boto,1,23642,2797,0.11830640385754167
boto,2,23733,2802,0.11806345594741499
boto,3,24161,2894,0.11977981043830967
boto,4,25038,3173,0.1267273743909258
boto,5,25280,3280,0.12974683544303797
boto,6,25431,3240,0.1274035625811018
boto,7,27186,3878,0.14264695063635696
boto,8,28032,4298,0.1533247716894977
boto,9,29081,4414,0.15178295106770745
boto,10,30628,4718,0.1540420530233773
boto,11,31864,4858,0.15246045694200352
boto,12,32900,5837,0.1774164133738602
boto,13,33503,5831,0.17404411545234755
boto,14,34035,5960,0.17511385338622007
boto,15,37141,6886,0.18540157777119626
boto,16,37508,7081,0.18878639223632293
boto,17,38515,7738,0.2009087368557705
boto,18,39923,8124,0.2034917215640107
boto,19,41360,8995,0.2174806576402321
boto,20,44085,10554,0.2394011568560735
boto,21,45086,10860,0.24087299826997294
boto,22,46829,11394,0.2433107689679472
boto,23,50091,13530,0.27010840270707315
boto,24,50664,13931,0.2749684193904942
Aloha-Editor,1,129824,22681,0.17470575548434805
Aloha-Editor,2,129886,22681,0.1746223611474678
Aloha-Editor,3,130072,22681,0.17437265514484285
Aloha-Editor,4,130376,22681,0.17396606737436338
Aloha-Editor,5,130632,22681,0.17362514544675117
Aloha-Editor,6,130662,22681,0.17358528110697832
Aloha-Editor,7,130865,22681,0.17331601268482788
Aloha-Editor,8,131053,22681,0.17306738495112664
Aloha-Editor,9,131304,22681,0.17273655029549748
Aloha-Editor,10,131306,22681,0.17273391924207576
Aloha-Editor,11,131718,22681,0.17219362577627964
Aloha-Editor,12,133375,22651,0.1698294283036551
Aloha-Editor,13,133309,22534,0.16903584904245025
Aloha-Editor,14,133791,22534,0.16842687475241233
Aloha-Editor,15,137155,22737,0.16577594692136632
Aloha-Editor,16,137244,22737,0.1656684445221649
Aloha-Editor,17,137194,22754,0.16585273408458096
Aloha-Editor,18,133123,22684,0.17039880411348904
Aloha-Editor,19,137441,22754,0.16555467436936577
Aloha-Editor,20,133154,22684,0.17035913303393063
Aloha-Editor,21,137550,22754,0.16542348237004725
Aloha-Editor,22,137550,22754,0.16542348237004725
Aloha-Editor,23,133489,22555,0.16896523309036698
Aloha-Editor,24,137725,22772,0.16534398257396987
RxJava,1,19227,2603,0.13538253497685546
RxJava,2,22106,3133,0.1417262281733466
RxJava,3,25105,13421,0.5345947022505477
RxJava,4,34143,18228,0.5338722432123715
RxJava,5,41978,23264,0.5541950545523846
RxJava,6,45745,25503,0.557503552300798
RxJava,7,52167,29048,0.556827112925796
RxJava,8,54315,29913,0.5507318420325877
RxJava,9,51974,29048,0.5588948320314003
RxJava,10,57360,31346,0.5464783821478382
RxJava,11,62621,34559,0.5518755688986123
RxJava,12,63544,35411,0.5572674052624953
RxJava,13,44980,27734,0.6165851489550912
RxJava,14,45304,28172,0.6218435458237683
RxJava,15,46671,29195,0.625549056159071
RxJava,16,48688,30341,0.6231720341767992
RxJava,17,49144,30616,0.622985511964838
RxJava,18,52456,32509,0.619738447460729
RxJava,19,53585,33339,0.6221703835028459
RxJava,20,54085,33767,0.624332069889988
RxJava,21,55849,34809,0.6232698884492113
RxJava,22,58312,36061,0.6184147345314858
RxJava,23,60092,36843,0.6131098981561606
RxJava,24,63336,38992,0.6156372363268915
Theano,1,64044,25679,0.40095871588283055
Theano,2,64471,25866,0.4012036419475423
Theano,3,65266,26392,0.4043759384671958
Theano,4,67285,27248,0.40496395927769935
Theano,5,68154,27744,0.40707808785984684
Theano,6,70223,28752,0.40943850305455476
Theano,7,73261,30712,0.4192134969492636
Theano,8,75377,31137,0.41308356660519785
Theano,9,76317,31455,0.41216242776838713
Theano,10,76907,31635,0.41134097026278493
Theano,11,78759,32424,0.4116862834723651
Theano,12,78391,32374,0.41298108201196565
Theano,13,82213,34696,0.42202571369491443
Theano,14,83966,35355,0.42106328752113953
Theano,15,84995,35728,0.42035413847873404
Theano,16,85966,36162,0.4206546774306121
Theano,17,87093,36714,0.4215493782508353
Theano,18,87636,36818,0.42012414989273816
Theano,19,87586,36727,0.4193250062795424
Theano,20,88668,37206,0.41961023142509135
Theano,21,88920,37328,0.41979307242465136
Theano,22,89367,37464,0.41921514653059855
Theano,23,90580,37871,0.4180945020975933
Theano,24,91191,38369,0.420754241098354
matplotlib,1,88268,3013,0.03413468074500385
matplotlib,2,88397,3033,0.034311119155627456
matplotlib,3,92027,3116,0.03385962815260739
matplotlib,4,88461,3034,0.034297600072348264
matplotlib,5,93419,3131,0.03351566597801304
matplotlib,6,93078,3131,0.03363845376995638
matplotlib,7,93896,3132,0.03335605350600664
matplotlib,8,88544,3074,0.03471720274665703
matplotlib,9,94480,3179,0.033647332768839966
matplotlib,10,95033,3467,0.03648206412509339
matplotlib,11,95413,3554,0.03724859295903074
matplotlib,12,95428,3584,0.03755711112042587
matplotlib,13,101263,4258,0.04204892211370392
matplotlib,14,101823,4181,0.04106144977068049
matplotlib,15,101879,4262,0.04183394026246822
matplotlib,16,103093,4573,0.04435800684818562
matplotlib,17,104060,4758,0.0457236209878916
matplotlib,18,104456,4904,0.04694799724285824
matplotlib,19,93210,5222,0.05602403175624933
matplotlib,20,102401,4535,0.04428667688792102
matplotlib,21,94279,5844,0.06198623235290998
matplotlib,22,102533,4633,0.04518545248846713
matplotlib,23,93988,6663,0.07089202876963016
matplotlib,24,93799,6537,0.06969157453704197
keras,1,42036,14624,0.34789228280521456
keras,2,42036,14624,0.34789228280521456
keras,3,42036,14624,0.34789228280521456
keras,4,42036,14624,0.34789228280521456
keras,5,42036,14624,0.34789228280521456
keras,6,42036,14624,0.34789228280521456
keras,7,42036,14624,0.34789228280521456
keras,8,2126,31,0.01458137347130762
keras,9,2706,256,0.09460458240946046
keras,10,3733,660,0.17680150013394053
keras,11,5694,1527,0.26817702845100105
keras,12,6302,1740,0.27610282450015866
keras,13,6648,1950,0.2933212996389892
keras,14,7228,2054,0.2841726618705036
keras,15,8283,2146,0.25908487263068936
keras,16,9466,2493,0.26336361715613776
keras,17,10557,2804,0.26560575921189733
keras,18,11165,3020,0.2704881325570981
keras,19,12766,3515,0.2753407488641704
keras,20,14115,3446,0.24413744243712363
keras,21,14745,3523,0.2389284503221431
keras,22,15123,3564,0.23566752628446735
keras,23,16388,3933,0.2399926775689529
keras,24,17764,3903,0.21971402837198828
material-ui,1,132788,23256,0.17513630749766546
material-ui,2,132788,23256,0.17513630749766546
material-ui,3,121,0,0
material-ui,4,375,0,0
material-ui,5,366,0,0
material-ui,6,462,0,0
material-ui,7,616,0,0
material-ui,8,1179,0,0
material-ui,9,1365,0,0
material-ui,10,615,0,0
material-ui,11,1665,0,0
material-ui,12,1720,0,0
material-ui,13,1981,0,0
material-ui,14,2373,172,0.07248209018120523
material-ui,15,2755,399,0.14482758620689656
material-ui,16,3078,758,0.24626380766731643
material-ui,17,4176,818,0.19588122605363983
material-ui,18,4414,861,0.19506116900770276
material-ui,19,5583,864,0.15475550779150993
material-ui,20,5641,1018,0.18046445665662117
material-ui,21,6632,2024,0.30518697225572977
material-ui,22,39836,2418,0.0606988653479265
material-ui,23,41482,3474,0.0837471674461212
material-ui,24,43638,4144,0.09496310555020854
invoiceninja,1,188043,40714,0.2165143078976617
invoiceninja,2,94456,35,0.000370542898280681
invoiceninja,3,97207,35,0.00036005637454092815
invoiceninja,4,151793,17,0.00011199462425803562
invoiceninja,5,152916,17,0.00011117214679955008
invoiceninja,6,153815,17,0.00011052238078210838
invoiceninja,7,155927,1450,0.00929922335451846
invoiceninja,8,158006,1505,0.009524954748553853
invoiceninja,9,168467,1564,0.009283717285877947
invoiceninja,10,173169,1633,0.00943009430094301
invoiceninja,11,175763,1633,0.009290920159533008
invoiceninja,12,183156,1702,0.009292624866234249
invoiceninja,13,185191,1765,0.00953070073599689
invoiceninja,14,188909,1799,0.009523103716604291
invoiceninja,15,191909,1802,0.00938986707241453
invoiceninja,16,201191,2007,0.009975595329810976
invoiceninja,17,208025,2007,0.009647878860713856
invoiceninja,18,222642,2003,0.008996505600919863
invoiceninja,19,210128,1915,0.009113492728241834
invoiceninja,20,221690,1918,0.008651720871487212
invoiceninja,21,222383,1137,0.005112800888557129
invoiceninja,22,221452,1138,0.005138811119339631
invoiceninja,23,227835,1139,0.004999231900278711
invoiceninja,24,230675,1137,0.00492901268017774
spark-notebook,1,100999,798,0.007901068327409182
spark-notebook,2,113113,798,0.0070548920106442235
spark-notebook,3,187422,184,0.0009817417378962983
spark-notebook,4,190347,184,0.0009666556341838852
spark-notebook,5,191464,184,0.0009610161701416454
spark-notebook,6,191890,184,0.0009588826932096513
spark-notebook,7,193543,184,0.0009506931276253856
spark-notebook,8,195670,184,0.0009403587673123115
spark-notebook,9,195677,184,0.0009403251276338047
spark-notebook,10,198239,184,0.0009281725593853884
spark-notebook,11,198650,210,0.0010571356657437705
spark-notebook,12,200449,210,0.0010476480301722633
spark-notebook,13,218714,243,0.0011110399882952166
spark-notebook,14,218841,369,0.0016861557020850756
spark-notebook,15,234960,412,0.0017534899557371468
spark-notebook,16,235823,399,0.0016919469262964173
spark-notebook,17,235866,399,0.0016916384726921219
spark-notebook,18,236105,399,0.0016899260922047395
spark-notebook,19,238170,399,0.0016752739639753118
spark-notebook,20,238166,399,0.001675302100215816
spark-notebook,21,238336,399,0.0016741071428571428
spark-notebook,22,238836,452,0.0018925120166139108
spark-notebook,23,223429,452,0.0020230140223516193
spark-notebook,24,223430,452,0.002023004967998926
Leaflet,1,11728,631,0.05380286493860846
Leaflet,2,12172,2261,0.1857541899441341
Leaflet,3,12183,2261,0.1855864729541164
Leaflet,4,12261,2261,0.18440583965418808
Leaflet,5,12411,2261,0.18217710095882686
Leaflet,6,14138,2714,0.19196491724430612
Leaflet,7,14395,2714,0.1885376866967697
Leaflet,8,14512,2747,0.18929162072767364
Leaflet,9,14822,2901,0.1957225745513426
Leaflet,10,15015,2901,0.1932067932067932
Leaflet,11,15273,3012,0.19721076409349833
Leaflet,12,15397,3041,0.1975060076638306
Leaflet,13,16059,3733,0.23245532100379848
Leaflet,14,15639,3041,0.19444977300338898
Leaflet,15,15639,3041,0.19444977300338898
Leaflet,16,18802,6089,0.32384852675247316
Leaflet,17,19027,6236,0.327744783728386
Leaflet,18,13137,6325,0.4814645657303798
Leaflet,19,13264,6385,0.4813781664656212
Leaflet,20,13455,6544,0.48636194723151244
Leaflet,21,13527,6586,0.4868780956605308
Leaflet,22,13752,6723,0.48887434554973824
Leaflet,23,13715,6911,0.5039008384979949
Leaflet,24,13627,6956,0.5104571805973435
metrics,1,11603,4769,0.4110143928294407
metrics,2,12251,4908,0.40062035752183495
metrics,3,9579,3732,0.3896022549326652
metrics,4,9579,3732,0.3896022549326652
metrics,5,9410,3582,0.3806588735387885
metrics,6,9410,3582,0.3806588735387885
metrics,7,9298,3577,0.38470638847063887
metrics,8,9304,3577,0.38445829750644883
metrics,9,9335,3577,0.3831815747188002
metrics,10,9335,3577,0.3831815747188002
metrics,11,9335,3577,0.3831815747188002
metrics,12,9548,4308,0.4511939673229996
metrics,13,10508,4588,0.43661971830985913
metrics,14,10931,4724,0.43216540115268504
metrics,15,11257,4821,0.4282668561783779
metrics,16,11353,4898,0.4314278164361843
metrics,17,11506,4992,0.4338605944724492
metrics,18,11506,4992,0.4338605944724492
metrics,19,11514,4992,0.43355914538822304
metrics,20,11514,4992,0.43355914538822304
metrics,21,11517,4993,0.43353303811756533
metrics,22,11548,4993,0.43236924142708694
metrics,23,11932,5117,0.42884679852497487
metrics,24,12169,5243,0.43084887829731283
Hystrix,1,15797,0,0
Hystrix,2,15945,0,0
Hystrix,3,15949,0,0
Hystrix,4,16369,0,0
Hystrix,5,16369,0,0
Hystrix,6,19700,10171,0.5162944162436548
Hystrix,7,23382,12263,0.524463262338551
Hystrix,8,24057,12768,0.5307394937024567
Hystrix,9,24487,13051,0.5329766815044717
Hystrix,10,24487,13051,0.5329766815044717
Hystrix,11,24817,13177,0.5309666760688238
Hystrix,12,24500,13051,0.5326938775510204
Hystrix,13,24948,13265,0.5317059483726151
Hystrix,14,29799,18003,0.6041477901943019
Hystrix,15,30082,18123,0.6024532943288345
Hystrix,16,25441,13680,0.537714712471994
Hystrix,17,25670,13887,0.5409816906895208
Hystrix,18,29817,16639,0.5580373612368783
Hystrix,19,28899,15449,0.5345859718329354
Hystrix,20,29225,15622,0.5345423438836613
Hystrix,21,29471,15906,0.5397170099419769
Hystrix,22,30045,16394,0.545648194375104
Hystrix,23,30047,16386,0.5453456251872068
Hystrix,24,30916,16865,0.5455104153189287
mapbox-gl-js,1,2383,0,0
mapbox-gl-js,2,7311,103,0.014088360005471208
mapbox-gl-js,3,8491,146,0.017194676716523378
mapbox-gl-js,4,29895,236,0.007894296705134638
mapbox-gl-js,5,31992,236,0.007376844211052763
mapbox-gl-js,6,31953,270,0.008449910806497042
mapbox-gl-js,7,6663,189,0.028365601080594327
mapbox-gl-js,8,6908,196,0.028372900984365953
mapbox-gl-js,9,6646,303,0.0455913331327114
mapbox-gl-js,10,8641,303,0.03506538595070015
mapbox-gl-js,11,8149,1308,0.16051049208491838
mapbox-gl-js,12,8593,1484,0.1726987082509019
mapbox-gl-js,13,9442,1935,0.204935395043423
mapbox-gl-js,14,9885,2305,0.23318158826504806
mapbox-gl-js,15,11414,10719,0.9391098650779744
mapbox-gl-js,16,9931,2368,0.23844527237941798
mapbox-gl-js,17,10280,2762,0.2686770428015564
mapbox-gl-js,18,11023,3188,0.2892134627596843
mapbox-gl-js,19,11585,3468,0.2993526111350885
mapbox-gl-js,20,12158,3849,0.3165816746175358
mapbox-gl-js,21,12190,3859,0.31657095980311734
mapbox-gl-js,22,0,0,0
mapbox-gl-js,23,12711,4158,0.32711824404059475
mapbox-gl-js,24,12685,4138,0.32621206148994875
Crafty,1,12784,1,0.00007822277847309137
Crafty,2,12978,188,0.014486053321004777
Crafty,3,12727,0,0
Crafty,4,12837,0,0
Crafty,5,13304,188,0.01413108839446783
Crafty,6,13991,188,0.013437209634765206
Crafty,7,15220,1798,0.11813403416557161
Crafty,8,10169,1798,0.17681187924082997
Crafty,9,10173,1798,0.1767423572200924
Crafty,10,8421,2018,0.2396389977437359
Crafty,11,8514,2034,0.23890063424947147
Crafty,12,10277,3784,0.3682008368200837
Crafty,13,10496,4197,0.3998666158536585
Crafty,14,10481,4235,0.4040644976624368
Crafty,15,10705,4281,0.3999065857076133
Crafty,16,10846,4339,0.4000553199336161
Crafty,17,10846,4339,0.4000553199336161
Crafty,18,10846,4339,0.4000553199336161
Crafty,19,10737,4348,0.40495482909565056
Crafty,20,10737,4348,0.40495482909565056
Crafty,21,10737,4348,0.40495482909565056
Crafty,22,10709,4363,0.40741432440003733
Crafty,23,10940,4566,0.4173674588665448
Crafty,24,11566,4612,0.39875497146809613
bootstrap,1,1715,0,0
bootstrap,2,1715,0,0
bootstrap,3,207,0,0
bootstrap,4,207,0,0
bootstrap,5,549,0,0
bootstrap,6,2242,1589,0.7087421944692239
bootstrap,7,2370,1645,0.6940928270042194
bootstrap,8,2309,1507,0.6526634906886097
bootstrap,9,8805,7933,0.9009653605905735
bootstrap,10,15035,8888,0.5911539740605254
bootstrap,11,15068,8909,0.5912529864613751
bootstrap,12,15250,9034,0.5923934426229508
bootstrap,13,16536,9195,0.5560595065312046
bootstrap,14,10337,2880,0.27861081551707456
bootstrap,15,10365,2896,0.279401833092137
bootstrap,16,10501,2932,0.2792115036663175
bootstrap,17,10589,2962,0.2797242421380678
bootstrap,18,10599,2956,0.27889423530521745
bootstrap,19,10609,3034,0.2859835988311811
bootstrap,20,10892,3034,0.27855306647080424
bootstrap,21,11142,3120,0.28002154011847064
bootstrap,22,11301,3120,0.27608176267586937
bootstrap,23,5671,2423,0.4272615059072474
bootstrap,24,5698,2439,0.42804492804492805
androidannotations,1,20484,7220,0.3524702206600273
androidannotations,2,21896,7250,0.3311107051516259
androidannotations,3,21793,7230,0.33175790391410087
androidannotations,4,22553,7430,0.3294461934110761
androidannotations,5,22921,7744,0.337856114480171
androidannotations,6,22957,7777,0.33876377575467176
androidannotations,7,22873,7965,0.34822716740261445
androidannotations,8,23209,8054,0.3470205523719247
androidannotations,9,23151,8041,0.34732840913999397
androidannotations,10,23356,8151,0.34898955300565165
androidannotations,11,24240,8389,0.3460808580858086
androidannotations,12,24699,8430,0.3413093647516094
androidannotations,13,24788,8022,0.3236243343553332
androidannotations,14,24788,8022,0.3236243343553332
androidannotations,15,24922,8152,0.3271005537276302
androidannotations,16,25207,8274,0.3282421549569564
androidannotations,17,26323,8659,0.32895186718839037
androidannotations,18,26466,8733,0.3299705282248923
androidannotations,19,27228,9364,0.3439106801821654
androidannotations,20,27331,9351,0.3421389630822143
androidannotations,21,27331,9351,0.3421389630822143
androidannotations,22,27338,9357,0.3422708318092033
androidannotations,23,27696,9511,0.3434069901790872
androidannotations,24,29048,9841,0.33878408152024236
aframe,1,120896,13876,0.11477633668607728
aframe,2,120896,13876,0.11477633668607728
aframe,3,120896,13876,0.11477633668607728
aframe,4,120896,13876,0.11477633668607728
aframe,5,120896,13876,0.11477633668607728
aframe,6,120896,13876,0.11477633668607728
aframe,7,120896,13876,0.11477633668607728
aframe,8,47654,0,0
aframe,9,23656,491,0.02075583361515049
aframe,10,24634,491,0.01993180157505886
aframe,11,39068,1347,0.034478345448960786
aframe,12,37479,1915,0.051095280023479815
aframe,13,46179,2629,0.05693063946815652
aframe,14,42453,2780,0.06548418250771441
aframe,15,43654,3797,0.08697942914738627
aframe,16,79143,4679,0.059120831911855756
aframe,17,81988,4848,0.0591306044787042
aframe,18,81905,4919,0.06005738355411758
aframe,19,83576,5316,0.06360677706518618
aframe,20,88988,6065,0.06815525688856924
aframe,21,88920,6185,0.06955690508322088
aframe,22,89191,6576,0.07372941216041977
aframe,23,129993,7116,0.054741409152800534
aframe,24,94269,7942,0.08424826825361466
serverless,1,958,0,0
serverless,2,958,0,0
serverless,3,958,0,0
serverless,4,887,88,0.0992108229988726
serverless,5,2920,612,0.2095890410958904
serverless,6,4855,841,0.17322348094747683
serverless,7,5948,1089,0.18308675184936113
serverless,8,6429,1212,0.1885207652823145
serverless,9,6908,1312,0.1899247249565721
serverless,10,10711,2552,0.238259732984782
serverless,11,11686,2594,0.22197501283587198
serverless,12,10625,2308,0.2172235294117647
serverless,13,11425,2635,0.23063457330415754
serverless,14,4120,2619,0.6356796116504855
serverless,15,6222,3951,0.6350048216007714
serverless,16,9268,5872,0.6335779024600777
serverless,17,10805,7103,0.6573808422026839
serverless,18,11354,7359,0.6481416240972344
serverless,19,16386,11421,0.6969974368363236
serverless,20,19384,13868,0.7154354106479571
serverless,21,21564,15365,0.7125301428306436
serverless,22,22871,16341,0.7144855931091776
serverless,23,23627,17057,0.7219283023659373
serverless,24,24711,17910,0.7247784387519728
p5.js,1,15441,5074,0.3286056602551648
p5.js,2,17535,5120,0.2919874536641004
p5.js,3,38965,5996,0.15388168869498267
p5.js,4,41793,6002,0.14361256669777236
p5.js,5,40394,6002,0.148586423726296
p5.js,6,33842,5513,0.16290408368299747
p5.js,7,44181,5513,0.12478214617143116
p5.js,8,45490,5513,0.12119147065289075
p5.js,9,66083,5513,0.0834253892831742
p5.js,10,64699,5513,0.08520997233342092
p5.js,11,73405,5529,0.0753218445609972
p5.js,12,70355,5529,0.07858716509132257
p5.js,13,74424,5623,0.07555358486509728
p5.js,14,74609,5529,0.0741063410580493
p5.js,15,76389,6249,0.08180497192004084
p5.js,16,76216,6249,0.0819906581295266
p5.js,17,94709,6291,0.06642452142879769
p5.js,18,87589,10693,0.12208153991939627
p5.js,19,87597,10715,0.12232154069203283
p5.js,20,88808,10803,0.1216444464462661
p5.js,21,89229,10920,0.1223817368792657
p5.js,22,89575,10928,0.12199832542562099
p5.js,23,46240,18684,0.4040657439446367
p5.js,24,47240,18900,0.40008467400508047
habitica,1,1227,231,0.1882640586797066
habitica,2,1280,231,0.18046875
habitica,3,1416,330,0.2330508474576271
habitica,4,2478,494,0.1993543179983858
habitica,5,3069,846,0.2756598240469208
habitica,6,140871,104011,0.7383421712062809
habitica,7,141140,104011,0.7369349581975344
habitica,8,140728,103838,0.7378631118185436
habitica,9,140797,103879,0.7377927086514627
habitica,10,140941,103934,0.7374291370147792
habitica,11,5368,925,0.17231743666169896
habitica,12,5517,980,0.17763277143375023
habitica,13,6982,1065,0.15253509023202522
habitica,14,8749,353,0.040347468282089384
habitica,15,9776,618,0.06321603927986907
habitica,16,10455,717,0.06857962697274031
habitica,17,9203,1506,0.16364229055742693
habitica,18,9441,1506,0.15951700031776295
habitica,19,11485,766,0.06669569003047453
habitica,20,9398,1519,0.16163013407107896
habitica,21,9522,1564,0.1642512077294686
habitica,22,9709,1580,0.16273560613863425
habitica,23,12408,767,0.06181495809155384
habitica,24,10218,1574,0.15404188686631434
rails,1,126821,78794,0.6213008886540873
rails,2,127340,80356,0.6310350243442752
rails,3,128661,81560,0.6339139288517888
rails,4,135720,82612,0.6086943707633363
rails,5,138300,84206,0.6088647866955893
rails,6,139344,85197,0.611414915604547
rails,7,141638,86359,0.609716319066917
rails,8,144235,88193,0.6114535306964329
rails,9,146306,89948,0.614793651661586
rails,10,133938,90406,0.6749839477967418
rails,11,133947,90477,0.6754686555130014
rails,12,135023,91360,0.6766254638098694
rails,13,135972,92260,0.6785220486570764
rails,14,136552,92885,0.6802170601675552
rails,15,138286,94060,0.680184545073254
rails,16,139563,95025,0.6808753036263193
rails,17,141500,96122,0.6793074204946996
rails,18,142009,96978,0.6829003795534085
rails,19,142102,97560,0.6865490985348552
rails,20,144132,98848,0.6858157799794633
rails,21,140622,96772,0.6881711254284536
rails,22,141514,97181,0.6867235750526449
rails,23,145052,100017,0.6895251358133635
rails,24,146792,101148,0.689056624339201
fog,1,62175,11602,0.1866023321270607
fog,2,69116,13000,0.18808958851785404
fog,3,70784,13602,0.1921620705244123
fog,4,73598,14519,0.197274382456045
fog,5,74424,14726,0.19786627969472212
fog,6,77750,15758,0.20267524115755628
fog,7,80650,16429,0.20370737755734655
fog,8,87743,17816,0.20304753655562266
fog,9,95948,20084,0.2093217159294618
fog,10,100932,20675,0.20484088297071296
fog,11,104554,18528,0.17720986284599347
fog,12,108528,19555,0.18018391567153177
fog,13,110707,19985,0.18052155690245422
fog,14,115266,21237,0.18424340221747956
fog,15,74780,14047,0.18784434340732817
fog,16,119292,22101,0.18526808168192335
fog,17,115588,23013,0.1990950617711181
fog,18,122818,24727,0.20133042387923594
fog,19,131061,27132,0.20701810607274476
fog,20,133693,28381,0.21228486158587212
fog,21,136017,29180,0.2145320070285332
fog,22,140217,30019,0.21408958970738212
fog,23,146770,30817,0.2099679771070382
fog,24,149021,31628,0.21223854356097463
refinerycms,1,15638,2643,0.16901138252973527
refinerycms,2,15080,2738,0.18156498673740054
refinerycms,3,15529,2743,0.1766372593212699
refinerycms,4,15708,2907,0.18506493506493507
refinerycms,5,14817,2962,0.19990551393669434
refinerycms,6,11772,3592,0.30513081889228677
refinerycms,7,11735,3836,0.32688538559863656
refinerycms,8,12028,4018,0.3340538742933156
refinerycms,9,12286,4134,0.3364805469640241
refinerycms,10,11974,4262,0.3559378653749791
refinerycms,11,12203,4421,0.36228796197656316
refinerycms,12,12403,4512,0.36378295573651537
refinerycms,13,12682,4663,0.36768648478158017
refinerycms,14,12744,4714,0.36989956057752665
refinerycms,15,12718,4724,0.3714420506368926
refinerycms,16,12928,4835,0.3739944306930693
refinerycms,17,13176,4964,0.37674559805707347
refinerycms,18,13140,4939,0.3758751902587519
refinerycms,19,13131,4964,0.37803670702916764
refinerycms,20,13230,5018,0.37928949357520786
refinerycms,21,13260,5029,0.37926093514328807
refinerycms,22,13460,5179,0.3847696879643388
refinerycms,23,13397,5283,0.39434201686944836
refinerycms,24,13458,5352,0.39768167632634865
generator-jhipster,1,26996,7857,0.2910431174988887
generator-jhipster,2,26996,7857,0.2910431174988887
generator-jhipster,3,26996,7857,0.2910431174988887
generator-jhipster,4,26996,7857,0.2910431174988887
generator-jhipster,5,26996,7857,0.2910431174988887
generator-jhipster,6,1139,38,0.033362598770851626
generator-jhipster,7,2187,129,0.05898491083676269
generator-jhipster,8,3539,279,0.0788358293303193
generator-jhipster,9,3769,270,0.0716370390023879
generator-jhipster,10,5405,513,0.09491211840888067
generator-jhipster,11,5140,558,0.1085603112840467
generator-jhipster,12,5467,558,0.10206694713736968
generator-jhipster,13,6878,757,0.11006106426286712
generator-jhipster,14,6824,757,0.11093200468933177
generator-jhipster,15,6762,757,0.11194912747707779
generator-jhipster,16,6763,757,0.11193257430134555
generator-jhipster,17,7278,768,0.1055234954657873
generator-jhipster,18,7941,776,0.0977206900894094
generator-jhipster,19,8602,849,0.09869797721460126
generator-jhipster,20,9428,908,0.09630886720407297
generator-jhipster,21,9978,1033,0.1035277610743636
generator-jhipster,22,9971,1008,0.10109317019356133
generator-jhipster,23,11843,1471,0.12420839314362915
generator-jhipster,24,12067,1506,0.12480318223253502
pyrocms,1,1177,10,0.008496176720475786
pyrocms,2,1177,10,0.008496176720475786
pyrocms,3,1177,10,0.008496176720475786
pyrocms,4,1177,10,0.008496176720475786
pyrocms,5,1177,10,0.008496176720475786
pyrocms,6,1177,10,0.008496176720475786
pyrocms,7,1177,10,0.008496176720475786
pyrocms,8,1177,10,0.008496176720475786
pyrocms,9,1177,10,0.008496176720475786
pyrocms,10,1177,10,0.008496176720475786
pyrocms,11,1177,10,0.008496176720475786
pyrocms,12,1177,10,0.008496176720475786
pyrocms,13,1177,10,0.008496176720475786
pyrocms,14,1177,10,0.008496176720475786
pyrocms,15,1177,10,0.008496176720475786
pyrocms,16,1177,10,0.008496176720475786
pyrocms,17,1177,10,0.008496176720475786
pyrocms,18,1177,10,0.008496176720475786
pyrocms,19,1177,10,0.008496176720475786
pyrocms,20,1177,10,0.008496176720475786
pyrocms,21,1177,10,0.008496176720475786
pyrocms,22,1177,10,0.008496176720475786
pyrocms,23,1177,10,0.008496176720475786
pyrocms,24,1177,10,0.008496176720475786
django-cms,1,40707,5785,0.1421131500724691
django-cms,2,41082,6120,0.14897035197896888
django-cms,3,38699,6623,0.1711413731620972
django-cms,4,38987,6778,0.17385282273578373
django-cms,5,39107,6955,0.17784539852200373
django-cms,6,39137,6983,0.17842450877686078
django-cms,7,39181,7027,0.1793471325387305
django-cms,8,40181,7987,0.1987755406784301
django-cms,9,40190,7997,0.19897984573276933
django-cms,10,40244,8027,0.19945830434350462
django-cms,11,40226,8032,0.1996718540247601
django-cms,12,39213,7017,0.17894575778440824
django-cms,13,40939,8446,0.20630694447837025
django-cms,14,41021,8526,0.20784476243875089
django-cms,15,41809,8724,0.20866320648664163
django-cms,16,46146,8781,0.19028734884930437
django-cms,17,46388,9127,0.19675347072518753
django-cms,18,37615,9253,0.24599229030971687
django-cms,19,38167,9734,0.25503707391201824
django-cms,20,38180,9802,0.256731272917758
django-cms,21,38745,10107,0.2608594657375145
django-cms,22,38813,10156,0.26166490608816634
django-cms,23,39755,10745,0.2702804678656773
django-cms,24,38799,10800,0.2783576896311761
salt,1,2781,0,0
salt,2,4026,0,0
salt,3,5000,0,0
salt,4,6456,174,0.02695167286245353
salt,5,6499,0,0
salt,6,7183,0,0
salt,7,8200,0,0
salt,8,8847,0,0
salt,9,9818,0,0
salt,10,12310,202,0.016409423233143785
salt,11,14075,313,0.022238010657193604
salt,12,17031,320,0.01878926663143679
salt,13,20101,1067,0.053081936222078505
salt,14,22204,2157,0.09714465862006845
salt,15,528,0,0
salt,16,26141,3147,0.12038560116292414
salt,17,27710,3380,0.12197762540599062
salt,18,29117,3911,0.13432015660954083
salt,19,32636,4790,0.14677043755362176
salt,20,37309,6344,0.17003940068080087
salt,21,39658,6203,0.15641232538201624
salt,22,43848,6609,0.15072523262178433
salt,23,2800,0,0
salt,24,56952,6991,0.12275249332771457
dropwizard,1,8829,2939,0.3328802808925133
dropwizard,2,8979,2988,0.33277647844971603
dropwizard,3,10011,3514,0.3510138847268005
dropwizard,4,10185,3575,0.35100638193421696
dropwizard,5,10521,3717,0.3532934131736527
dropwizard,6,10547,3724,0.35308618564520716
dropwizard,7,11990,4074,0.33978315262718933
dropwizard,8,13815,5223,0.3780673181324647
dropwizard,9,13885,5256,0.3785379906373785
dropwizard,10,13946,5261,0.3772407858884268
dropwizard,11,13984,5261,0.37621567505720827
dropwizard,12,13749,5088,0.3700632773292603
dropwizard,13,14206,5254,0.36984372800225257
dropwizard,14,15099,5937,0.393204848003179
dropwizard,15,16620,6523,0.3924789410348977
dropwizard,16,16335,6383,0.3907560453014998
dropwizard,17,16342,6383,0.3905886672377922
dropwizard,18,16527,6539,0.39565559387668664
dropwizard,19,16842,6540,0.38831492696829356
dropwizard,20,16894,6576,0.389250621522434
dropwizard,21,16934,6576,0.38833116806424944
dropwizard,22,17074,6705,0.39270235445706925
dropwizard,23,17608,7094,0.40288505224897775
dropwizard,24,17806,7239,0.40654835448725146
Haraka,1,9793,900,0.09190237925048504
Haraka,2,9980,900,0.09018036072144289
Haraka,3,10006,916,0.09154507295622627
Haraka,4,10569,1108,0.10483489450279118
Haraka,5,10632,1108,0.10421369450714824
Haraka,6,11927,1108,0.09289846566613566
Haraka,7,11942,1109,0.0928655166638754
Haraka,8,11947,1109,0.09282665104210262
Haraka,9,11984,1127,0.09404205607476636
Haraka,10,12265,1127,0.09188748471259682
Haraka,11,13224,1131,0.08552631578947369
Haraka,12,13277,1131,0.08518490622881675
Haraka,13,18460,4144,0.22448537378114844
Haraka,14,18482,4144,0.22421815820798616
Haraka,15,20590,5696,0.2766391452161243
Haraka,16,21235,5803,0.2732752531198493
Haraka,17,20996,5813,0.2768622594779958
Haraka,18,21676,6155,0.28395460417051116
Haraka,19,22174,6155,0.2775773428339497
Haraka,20,23009,6829,0.2967969055586944
Haraka,21,23759,7174,0.30194873521612864
Haraka,22,25143,8016,0.31881637036153204
Haraka,23,25377,8172,0.3220238798912401
Haraka,24,25757,8447,0.3279496835811624
erpnext,1,37112,1666,0.044891140331968095
erpnext,2,35636,1692,0.04748007632730946
erpnext,3,37628,2935,0.07800042521526523
erpnext,4,38192,3299,0.08637934645999162
erpnext,5,40050,3531,0.08816479400749064
erpnext,6,36533,3948,0.10806667944050584
erpnext,7,38489,3535,0.09184442308191951
erpnext,8,41365,4475,0.10818324670615255
erpnext,9,42596,4693,0.11017466428772654
erpnext,10,41462,5101,0.1230283150836911
erpnext,11,42580,5385,0.12646782527007985
erpnext,12,42733,5441,0.12732548615823835
erpnext,13,42404,5451,0.12854919347231394
erpnext,14,41657,5702,0.136879756103416
erpnext,15,38253,5794,0.15146524455598254
erpnext,16,36006,3401,0.09445647947564295
erpnext,17,36424,3579,0.09825938941357347
erpnext,18,36886,3646,0.09884509027815432
erpnext,19,37552,3661,0.09749147848317001
erpnext,20,38545,3696,0.09588792320664159
erpnext,21,39046,3847,0.09852481688265123
erpnext,22,39139,4076,0.10414164899460895
erpnext,23,41309,4530,0.10966133288145441
erpnext,24,39348,4144,0.10531666158381621
scikit-image,1,7684,2032,0.2644456012493493
scikit-image,2,8126,2251,0.2770120600541472
scikit-image,3,8583,2394,0.27892345333799373
scikit-image,4,8736,2415,0.2764423076923077
scikit-image,5,9745,2857,0.2931759876859928
scikit-image,6,9791,2860,0.29210499438259624
scikit-image,7,9813,2919,0.29746254967899727
scikit-image,8,10362,3191,0.3079521327928971
scikit-image,9,10843,3423,0.315687540348612
scikit-image,10,11128,3481,0.3128145219266715
scikit-image,11,11635,3668,0.3152556940266438
scikit-image,12,13731,4140,0.3015075376884422
scikit-image,13,14308,4405,0.30786972323175843
scikit-image,14,15151,4691,0.3096165269619167
scikit-image,15,15391,4829,0.313754791761419
scikit-image,16,16136,5152,0.31928606841844326
scikit-image,17,16138,5154,0.31937043004089727
scikit-image,18,17143,5287,0.30840576328530594
scikit-image,19,17160,5321,0.31008158508158506
scikit-image,20,17388,5412,0.3112491373360939
scikit-image,21,18730,5907,0.3153764014949279
scikit-image,22,21278,6834,0.3211768023310462
scikit-image,23,21790,7063,0.3241395135383203
scikit-image,24,22719,7548,0.3322329327875347
CodeIgniter,1,22376,219,0.009787272077225599
CodeIgniter,2,22440,219,0.009759358288770054
CodeIgniter,3,22784,219,0.009612008426966292
CodeIgniter,4,22784,219,0.009612008426966292
CodeIgniter,5,22792,219,0.00960863460863461
CodeIgniter,6,23974,219,0.009134896137482272
CodeIgniter,7,24054,219,0.009104514841606386
CodeIgniter,8,24944,219,0.008779666452854393
CodeIgniter,9,24518,219,0.008932213067950077
CodeIgniter,10,24877,219,0.008803312296498774
CodeIgniter,11,24344,205,0.008420966151823858
CodeIgniter,12,24218,205,0.008464778264101082
CodeIgniter,13,26869,2169,0.08072499906955971
CodeIgniter,14,27169,2589,0.09529242887113991
CodeIgniter,15,28086,3600,0.1281777397991882
CodeIgniter,16,28204,3730,0.13225074457523756
CodeIgniter,17,28765,3747,0.13026247175386754
CodeIgniter,18,28805,3779,0.1311925013018573
CodeIgniter,19,29846,4470,0.14976881324130537
CodeIgniter,20,30434,4963,0.16307419333640008
CodeIgniter,21,32170,5073,0.1576935032639105
CodeIgniter,22,32617,5248,0.16089769138792653
CodeIgniter,23,32491,5248,0.1615216521498261
CodeIgniter,24,32491,5245,0.16142931888830753
phaser,1,38478,12121,0.3150111752170071
phaser,2,86077,17906,0.20802304913042974
phaser,3,89608,17922,0.20000446388715293
phaser,4,106629,21119,0.19806056513706402
phaser,5,77455,23913,0.3087341036731005
phaser,6,119528,0,0
phaser,7,96095,0,0
phaser,8,97368,0,0
phaser,9,144240,0,0
phaser,10,152142,0,0
phaser,11,161794,0,0
phaser,12,117000,0,0
phaser,13,143755,0,0
phaser,14,148279,0,0
phaser,15,151909,0,0
phaser,16,158027,0,0
phaser,17,158835,0,0
phaser,18,224287,0,0
phaser,19,228979,0,0
phaser,20,239091,0,0
phaser,21,246853,0,0
phaser,22,247627,0,0
phaser,23,254357,0,0
phaser,24,189826,0,0
foundation-sites,1,9916,10,0.001008471157724889
foundation-sites,2,13081,1613,0.12330861554926993
foundation-sites,3,12848,1613,0.12554483188044832
foundation-sites,4,12253,54,0.004407083979433608
foundation-sites,5,12811,54,0.004215127624697525
foundation-sites,6,13233,54,0.004080707322602585
foundation-sites,7,13464,54,0.004010695187165776
foundation-sites,8,13991,54,0.003859624044028304
foundation-sites,9,14193,54,0.003804692454026633
foundation-sites,10,14267,54,0.0037849582953669307
foundation-sites,11,14480,123,0.008494475138121547
foundation-sites,12,14477,123,0.008496235407888375
foundation-sites,13,11097,72,0.006488240064882401
foundation-sites,14,3687,72,0.01952807160292921
foundation-sites,15,3793,72,0.018982335881887687
foundation-sites,16,4478,473,0.10562751228226887
foundation-sites,17,5035,554,0.11002979145978153
foundation-sites,18,5201,572,0.10997885022111133
foundation-sites,19,5290,604,0.11417769376181475
foundation-sites,20,5222,614,0.11757947146687094
foundation-sites,21,5235,614,0.11728748806112703
foundation-sites,22,5295,627,0.11841359773371105
foundation-sites,23,5448,624,0.1145374449339207
foundation-sites,24,5477,638,0.11648712798977542
sensu,1,9738,5291,0.5433353871431505
sensu,2,9738,5291,0.5433353871431505
sensu,3,9738,5291,0.5433353871431505
sensu,4,90,0,0
sensu,5,492,99,0.20121951219512196
sensu,6,865,193,0.223121387283237
sensu,7,1168,223,0.1909246575342466
sensu,8,2163,334,0.154415164123902
sensu,9,2660,425,0.15977443609022557
sensu,10,3033,452,0.14902736564457633
sensu,11,3088,461,0.14928756476683938
sensu,12,3209,478,0.14895606107821752
sensu,13,3515,532,0.15135135135135136
sensu,14,2624,726,0.2766768292682927
sensu,15,2624,726,0.2766768292682927
sensu,16,2735,770,0.28153564899451555
sensu,17,2871,825,0.28735632183908044
sensu,18,3159,980,0.31022475466919913
sensu,19,3216,1008,0.31343283582089554
sensu,20,3284,1032,0.31425091352009743
sensu,21,3511,1068,0.3041868413557391
sensu,22,4340,1699,0.3914746543778802
sensu,23,4572,1883,0.41185476815398075
sensu,24,4727,1972,0.4171779141104294
request,1,7071,3460,0.48932258520718425
request,2,7086,3460,0.4882867626305391
request,3,7097,3470,0.48893898830491755
request,4,7288,3580,0.49121844127332603
request,5,2743,1704,0.6212176449143274
request,6,2816,1728,0.6136363636363636
request,7,3074,1959,0.6372804163955758
request,8,3075,1959,0.6370731707317073
request,9,3099,1978,0.638270409809616
request,10,3145,1998,0.6352941176470588
request,11,3180,2017,0.6342767295597485
request,12,3215,2048,0.63701399688958
request,13,3308,2132,0.6444981862152358
request,14,3309,2132,0.6443034149289816
request,15,3328,2138,0.6424278846153846
request,16,3366,2158,0.6411170528817588
request,17,3503,2222,0.6343134456180417
request,18,3503,2222,0.6343134456180417
request,19,3673,2375,0.6466104002178056
request,20,3720,2410,0.6478494623655914
request,21,3751,2430,0.6478272460677152
request,22,3952,2586,0.6543522267206477
request,23,3936,2622,0.6661585365853658
request,24,4454,3033,0.6809609339919174
Conversations,1,601,0,0
Conversations,2,5221,0,0
Conversations,3,7706,0,0
Conversations,4,10458,0,0
Conversations,5,11199,0,0
Conversations,6,12293,0,0
Conversations,7,1099,0,0
Conversations,8,14624,0,0
Conversations,9,15839,0,0
Conversations,10,16890,0,0
Conversations,11,22064,0,0
Conversations,12,23095,0,0
Conversations,13,23219,0,0
Conversations,14,23614,0,0
Conversations,15,24260,0,0
Conversations,16,24495,0,0
Conversations,17,25167,0,0
Conversations,18,25054,0,0
Conversations,19,25789,0,0
Conversations,20,28987,0,0
Conversations,21,29410,0,0
Conversations,22,30501,0,0
Conversations,23,30540,0,0
Conversations,24,31393,0,0
sentry,1,5424,1090,0.20095870206489674
sentry,2,7203,1360,0.1888102179647369
sentry,3,5926,1444,0.24367195410057374
sentry,4,6757,657,0.09723249963001332
sentry,5,10201,2274,0.2229193216351338
sentry,6,20479,9424,0.4601787196640461
sentry,7,23292,9567,0.410741885625966
sentry,8,24812,9748,0.39287441560535225
sentry,9,27862,9966,0.35769147943435503
sentry,10,29788,10237,0.34366187726601316
sentry,11,30492,10303,0.33789190607372427
sentry,12,31461,10309,0.327675534789104
sentry,13,31578,10311,0.32652479574387233
sentry,14,34852,10438,0.2994950074601171
sentry,15,33825,4345,0.12845528455284552
sentry,16,34929,7726,0.22119156002175844
sentry,17,35956,7918,0.22021359439314717
sentry,18,41776,8576,0.20528533129069323
sentry,19,53736,9091,0.1691789489355367
sentry,20,53698,9204,0.17140303177027078
sentry,21,54894,9219,0.16794185156847743
sentry,22,59223,9245,0.15610489168059707
sentry,23,60113,9346,0.15547385756824647
sentry,24,60333,9432,0.15633235542737806
robolectric,1,40847,18271,0.4473033515313242
robolectric,2,49676,23072,0.4644496336258958
robolectric,3,49931,23172,0.4640804309947728
robolectric,4,51043,23823,0.4667241345532198
robolectric,5,51538,24257,0.4706624238426016
robolectric,6,56046,26223,0.4678835242479392
robolectric,7,56761,26663,0.4697415478938003
robolectric,8,57364,26998,0.4706436092322711
robolectric,9,57899,27309,0.4716661773087618
robolectric,10,60976,27455,0.4502591183416426
robolectric,11,62891,28452,0.4524017744987359
robolectric,12,62271,28794,0.46239822710410944
robolectric,13,60654,29700,0.4896626768226333
robolectric,14,60704,29822,0.49126910911966265
robolectric,15,60801,29873,0.4913241558526998
robolectric,16,60936,30044,0.4930418800052514
robolectric,17,61555,30646,0.4978636991308586
robolectric,18,61640,31164,0.5055807916937054
robolectric,19,62207,31577,0.5076116835725883
robolectric,20,61477,31695,0.5155586642158856
robolectric,21,62304,32229,0.5172862095531587
robolectric,22,63218,32718,0.5175424720807364
robolectric,23,63694,33037,0.5186830784689296
robolectric,24,64507,33553,0.5201451005317252
bundler,1,17304,9806,0.5666897827092002
bundler,2,17580,9894,0.5627986348122866
bundler,3,17779,10064,0.5660610833005231
bundler,4,17982,10155,0.5647313980647314
bundler,5,18017,10183,0.5651884331464728
bundler,6,18037,10190,0.5649498253589843
bundler,7,18803,10707,0.569430410040951
bundler,8,19120,10954,0.572907949790795
bundler,9,19858,11196,0.563803001309296
bundler,10,20215,11392,0.5635419243136285
bundler,11,20493,11601,0.5660957400087835
bundler,12,20491,11601,0.5661509931189302
bundler,13,20771,11600,0.5584709450676424
bundler,14,20544,11645,0.5668321651090342
bundler,15,21249,11854,0.5578615464257142
bundler,16,21543,12097,0.5615281065775426
bundler,17,21815,12222,0.5602567041026817
bundler,18,21904,12275,0.560399926953981
bundler,19,22019,12347,0.5607429946864072
bundler,20,22489,12635,0.5618302281115212
bundler,21,22611,12732,0.5630887621069391
bundler,22,23113,12870,0.5568294898974603
bundler,23,23212,12923,0.556737894192659
bundler,24,24598,13925,0.5661029351979836
vanilla,1,118700,984,0.008289806234203875
vanilla,2,119110,984,0.008261271093946771
vanilla,3,119702,984,0.008220414028169955
vanilla,4,120107,984,0.008192694847094674
vanilla,5,120580,1037,0.00860009951899154
vanilla,6,120811,1037,0.008583655461837085
vanilla,7,119949,984,0.008203486481754747
vanilla,8,123691,1037,0.008383795102311405
vanilla,9,123803,1037,0.008376210592635073
vanilla,10,124608,1037,0.008322098099640473
vanilla,11,124905,1037,0.008302309755414114
vanilla,12,125866,1037,0.008238920756995534
vanilla,13,125643,1037,0.008253543770842784
vanilla,14,126051,1037,0.00822682882325408
vanilla,15,126051,1037,0.00822682882325408
vanilla,16,126742,1037,0.008181975982705023
vanilla,17,126949,1037,0.008168634648559658
vanilla,18,126443,1037,0.008201323916705552
vanilla,19,126328,93,0.0007361788360458489
vanilla,20,139562,93,0.0006663705019991116
vanilla,21,139800,93,0.0006652360515021459
vanilla,22,140089,93,0.0006638636866563399
vanilla,23,142507,93,0.0006525995214270176
vanilla,24,145597,93,0.000638749424782104
picasso,1,9598,4330,0.45113565326109606
picasso,2,1526,403,0.264089121887287
picasso,3,1962,774,0.3944954128440367
picasso,4,2891,1281,0.4430992736077482
picasso,5,3951,1650,0.4176157934700076
picasso,6,4236,1736,0.4098205854579792
picasso,7,4870,1812,0.37207392197125255
picasso,8,5434,2141,0.3940007361059993
picasso,9,5579,2215,0.3970245563721097
picasso,10,5589,2222,0.39756664877437825
picasso,11,5588,2221,0.3974588403722262
picasso,12,5627,2229,0.39612582192998047
picasso,13,5806,2304,0.396830864622804
picasso,14,6681,2790,0.4176021553659632
picasso,15,6822,2911,0.4267077103488713
picasso,16,7034,3029,0.43062268979243673
picasso,17,7318,3033,0.41445750204974036
picasso,18,7381,3062,0.4148489364584745
picasso,19,7388,3068,0.41526800216567405
picasso,20,7363,3048,0.4139617003938612
picasso,21,7518,3129,0.41620111731843573
picasso,22,8142,3421,0.42016703512650455
picasso,23,8543,3706,0.43380545475828164
picasso,24,8610,3727,0.43286875725900115
buildbot,1,128832,78197,0.6069687655240934
buildbot,2,128832,78197,0.6069687655240934
buildbot,3,128832,78197,0.6069687655240934
buildbot,4,128832,78197,0.6069687655240934
buildbot,5,128832,78197,0.6069687655240934
buildbot,6,128832,78197,0.6069687655240934
buildbot,7,128832,78197,0.6069687655240934
buildbot,8,128832,78197,0.6069687655240934
buildbot,9,128832,78197,0.6069687655240934
buildbot,10,128832,78197,0.6069687655240934
buildbot,11,128832,78197,0.6069687655240934
buildbot,12,128832,78197,0.6069687655240934
buildbot,13,128832,78197,0.6069687655240934
buildbot,14,128832,78197,0.6069687655240934
buildbot,15,128832,78197,0.6069687655240934
buildbot,16,128832,78197,0.6069687655240934
buildbot,17,128832,78197,0.6069687655240934
buildbot,18,128832,78197,0.6069687655240934
buildbot,19,128832,78197,0.6069687655240934
buildbot,20,128832,78197,0.6069687655240934
buildbot,21,128832,78197,0.6069687655240934
buildbot,22,128832,78197,0.6069687655240934
buildbot,23,128832,78197,0.6069687655240934
buildbot,24,128832,78197,0.6069687655240934
loomio,1,3620,1464,0.4044198895027624
loomio,2,5151,2020,0.39215686274509803
loomio,3,5519,2306,0.41782931690523645
loomio,4,6703,2956,0.44099656870058185
loomio,5,6832,2854,0.4177400468384075
loomio,6,8572,3818,0.44540363975734953
loomio,7,10674,4110,0.3850477796514896
loomio,8,11015,4181,0.3795733091239219
loomio,9,12464,4589,0.3681803594351733
loomio,10,13041,4529,0.34728931830381105
loomio,11,14535,5485,0.3773649810801514
loomio,12,14901,5598,0.3756794845983491
loomio,13,15305,5628,0.3677229663508657
loomio,14,15750,5631,0.3575238095238095
loomio,15,17971,6303,0.3507317344610762
loomio,16,19347,6680,0.34527316896676485
loomio,17,19888,6406,0.3221037811745776
loomio,18,20272,6020,0.2969613259668508
loomio,19,21344,6309,0.2955865817091454
loomio,20,21784,6512,0.29893499816378993
loomio,21,22287,6624,0.29721362229102166
loomio,22,25083,8713,0.3473667424151816
loomio,23,23496,7085,0.30154068777664284
loomio,24,23690,7023,0.2964542000844238
incubator-airflow,1,2682,40,0.014914243102162566
incubator-airflow,2,2989,40,0.013382402141184342
incubator-airflow,3,20040,41,0.0020459081836327344
incubator-airflow,4,20605,24,0.0011647658335355497
incubator-airflow,5,24149,186,0.007702182284980745
incubator-airflow,6,24687,223,0.009033094341151213
incubator-airflow,7,28777,266,0.009243493067380199
incubator-airflow,8,29274,267,0.009120721459315433
incubator-airflow,9,29664,267,0.009000809061488674
incubator-airflow,10,30593,337,0.01101559180204622
incubator-airflow,11,31743,495,0.01559398922597108
incubator-airflow,12,32568,542,0.01664210267747482
incubator-airflow,13,33292,641,0.0192538748047579
incubator-airflow,14,34399,812,0.02360533736445827
incubator-airflow,15,34848,991,0.028437786960514234
incubator-airflow,16,35555,997,0.02804106314161159
incubator-airflow,17,36985,1360,0.0367716641881844
incubator-airflow,18,37834,1512,0.03996405349685468
incubator-airflow,19,39767,2306,0.05798777881157744
incubator-airflow,20,39890,2328,0.05836049135121584
incubator-airflow,21,51045,2896,0.05673425408952885
incubator-airflow,22,52697,3576,0.06785965045448507
incubator-airflow,23,54384,3829,0.07040673727566932
incubator-airflow,24,55490,4345,0.07830239682825735
Telescope,1,1210,173,0.14297520661157026
Telescope,2,1210,173,0.14297520661157026
Telescope,3,1210,173,0.14297520661157026
Telescope,4,1210,173,0.14297520661157026
Telescope,5,1210,173,0.14297520661157026
Telescope,6,1210,173,0.14297520661157026
Telescope,7,1210,173,0.14297520661157026
Telescope,8,1210,173,0.14297520661157026
Telescope,9,1210,173,0.14297520661157026
Telescope,10,1210,173,0.14297520661157026
Telescope,11,1210,173,0.14297520661157026
Telescope,12,1210,173,0.14297520661157026
Telescope,13,1210,173,0.14297520661157026
Telescope,14,1210,173,0.14297520661157026
Telescope,15,1210,173,0.14297520661157026
Telescope,16,1210,173,0.14297520661157026
Telescope,17,1210,173,0.14297520661157026
Telescope,18,1210,173,0.14297520661157026
Telescope,19,1210,173,0.14297520661157026
Telescope,20,1210,173,0.14297520661157026
Telescope,21,1210,173,0.14297520661157026
Telescope,22,1210,173,0.14297520661157026
Telescope,23,1210,173,0.14297520661157026
Telescope,24,1210,173,0.14297520661157026
titanium_mobile,1,232265,27034,0.11639291326717327
titanium_mobile,2,229189,26944,0.11756236119534533
titanium_mobile,3,236736,27052,0.11427074885104083
titanium_mobile,4,237451,27052,0.11392666276410712
titanium_mobile,5,411191,79709,0.19384908716387275
titanium_mobile,6,411755,79709,0.19358356304112884
titanium_mobile,7,412030,79709,0.19345436011940878
titanium_mobile,8,412144,79709,0.1934008501882837
titanium_mobile,9,349064,69868,0.2001581371897417
titanium_mobile,10,349322,69917,0.20015057740422876
titanium_mobile,11,351138,69917,0.19911544748788226
titanium_mobile,12,405785,70955,0.17485860739061326
titanium_mobile,13,388554,71060,0.18288320284953957
titanium_mobile,14,389104,71060,0.18262469673917514
titanium_mobile,15,392057,71061,0.18125170574686844
titanium_mobile,16,370264,59854,0.16165222651945638
titanium_mobile,17,370548,59854,0.16152833101244643
titanium_mobile,18,370749,59854,0.16144075911195985
titanium_mobile,19,372875,59903,0.160651692926584
titanium_mobile,20,467923,55041,0.11762832773768334
titanium_mobile,21,472127,58669,0.12426529302496997
titanium_mobile,22,463971,55749,0.12015621666009298
titanium_mobile,23,433141,49309,0.11384052768036275
titanium_mobile,24,433469,49311,0.11375900006690214
cas,1,48569,9849,0.20278366859519448
cas,2,48615,9885,0.20333230484418388
cas,3,49033,10586,0.21589541737197399
cas,4,49124,10620,0.21618760687240451
cas,5,49198,10617,0.21580145534371317
cas,6,49334,10750,0.21790246077755707
cas,7,50112,11245,0.22439734993614305
cas,8,50101,11229,0.22412726292888366
cas,9,51750,11630,0.2247342995169082
cas,10,52087,11579,0.22230114999904008
cas,11,52255,11740,0.2246674959334035
cas,12,52302,11757,0.22479063898130092
cas,13,51989,11786,0.22670180230433362
cas,14,51635,11961,0.23164520189793744
cas,15,51674,11960,0.23145101985524635
cas,16,48673,12106,0.24872105684876625
cas,17,48673,12106,0.24872105684876625
cas,18,48115,12018,0.24977657695105476
cas,19,48117,12018,0.2497661948999314
cas,20,48149,12031,0.2498701946042493
cas,21,48774,12262,0.25140443679009306
cas,22,49039,12322,0.25126939782621993
cas,23,49432,12474,0.2523466580352808
cas,24,50296,12787,0.2542349292190234
serverspec,1,4766,3008,0.6311372219890894
serverspec,2,4766,3008,0.6311372219890894
serverspec,3,4766,3008,0.6311372219890894
serverspec,4,4766,3008,0.6311372219890894
serverspec,5,4766,3008,0.6311372219890894
serverspec,6,4766,3008,0.6311372219890894
serverspec,7,4766,3008,0.6311372219890894
serverspec,8,4766,3008,0.6311372219890894
serverspec,9,4766,3008,0.6311372219890894
serverspec,10,2067,1110,0.5370101596516691
serverspec,11,3949,2483,0.6287667763990884
serverspec,12,3964,2412,0.6084762865792129
serverspec,13,7097,5299,0.7466535155699592
serverspec,14,7327,5473,0.7469632864746827
serverspec,15,7529,5629,0.7476424491964404
serverspec,16,10307,7839,0.7605510817890754
serverspec,17,12302,9671,0.786132336205495
serverspec,18,10452,9390,0.8983926521239954
serverspec,19,10694,9564,0.8943332709930802
serverspec,20,10690,9539,0.8923292797006548
serverspec,21,10749,9549,0.8883617080658666
serverspec,22,10813,9608,0.8885600665865162
serverspec,23,2165,943,0.4355658198614319
serverspec,24,2166,943,0.43536472760849493
gaia,1,8121,318,0.039157739194680456
gaia,2,9828,539,0.054843304843304845
gaia,3,17093,1450,0.08483004738781957
gaia,4,23915,3834,0.16031779218063977
gaia,5,52371,6073,0.11596112352256019
gaia,6,72733,8716,0.11983556294941773
gaia,7,127330,18173,0.14272363150867823
gaia,8,175141,26039,0.1486744965484952
gaia,9,196232,32337,0.1647896367564923
gaia,10,187192,33768,0.1803923244583102
gaia,11,198543,37850,0.1906388036848441
gaia,12,204589,41022,0.2005093137949743
gaia,13,208715,39962,0.19146683276237933
gaia,14,222855,46725,0.2096654775526688
gaia,15,232272,49584,0.21347385823517256
gaia,16,248064,60366,0.24334849071207432
gaia,17,256789,65336,0.2544345746897258
gaia,18,295619,74764,0.2529066129037714
gaia,19,296396,75169,0.2536100352231474
gaia,20,361490,106985,0.2959556280948297
gaia,21,371704,112266,0.30203064804252844
gaia,22,392691,123152,0.31361044689081236
gaia,23,423466,132809,0.3136237620021442
gaia,24,440480,142895,0.3244074645840901
laravel,1,4868,399,0.08196384552177485
laravel,2,4944,481,0.09728964401294499
laravel,3,4866,0,0
laravel,4,5198,0,0
laravel,5,6656,926,0.13912259615384615
laravel,6,7391,81,0.010959274793667975
laravel,7,8518,81,0.009509274477576896
laravel,8,18759,81,0.004317927394850472
laravel,9,11428,81,0.007087854392719636
laravel,10,19568,81,0.004139411283728536
laravel,11,19926,82,0.00411522633744856
laravel,12,23724,3362,0.1417130332153094
laravel,13,23777,3381,0.14219624006392734
laravel,14,23995,3552,0.148030839758283
laravel,15,24766,4000,0.16151174997981102
laravel,16,24755,4000,0.16158351848111493
laravel,17,339,18,0.05309734513274336
laravel,18,412,18,0.043689320388349516
laravel,19,433,18,0.04157043879907621
laravel,20,450,18,0.04
laravel,21,25991,4122,0.15859335923973683
laravel,22,520,17,0.032692307692307694
laravel,23,520,17,0.032692307692307694
laravel,24,510,17,0.03333333333333333
cakephp,1,117149,80169,0.6843336264073957
cakephp,2,117502,80544,0.6854691835032595
cakephp,3,118952,81792,0.6876050844037931
cakephp,4,114356,77291,0.6758805834411836
cakephp,5,119908,83031,0.6924558828435133
cakephp,6,120756,83889,0.6946984000794991
cakephp,7,121671,84638,0.6956300186568698
cakephp,8,122343,85126,0.6957978797315744
cakephp,9,122624,85344,0.6959812108559499
cakephp,10,129836,90853,0.6997519948242398
cakephp,11,130405,91178,0.6991909819408765
cakephp,12,130026,91002,0.6998754095334779
cakephp,13,130501,91419,0.7005233676370296
cakephp,14,137906,97034,0.7036242077937146
cakephp,15,138659,97559,0.703589381143669
cakephp,16,139774,98342,0.7035786340807303
cakephp,17,138731,97658,0.7039378365325702
cakephp,18,141123,99452,0.704718578828398
cakephp,19,139388,98259,0.7049315579533388
cakephp,20,142261,100306,0.7050843168542327
cakephp,21,125714,88315,0.7025072784256328
cakephp,22,142943,101012,0.7066592977620451
cakephp,23,143817,101660,0.7068705368628188
cakephp,24,143446,101453,0.7072556920374218
puppet,1,109303,63289,0.5790234485787216
puppet,2,116843,67634,0.5788451169518071
puppet,3,124290,72683,0.5847855821063641
puppet,4,113778,67023,0.5890681854137003
puppet,5,126539,73930,0.5842467539651807
puppet,6,127537,75079,0.5886840681527713
puppet,7,129203,76150,0.5893825994752444
puppet,8,362,160,0.4419889502762431
puppet,9,132244,78909,0.5966924775415142
puppet,10,134543,80475,0.598135911938934
puppet,11,136896,81551,0.5957149953249182
puppet,12,137790,82123,0.596001161187314
puppet,13,141145,84665,0.5998441319210741
puppet,14,140413,83743,0.596404891284995
puppet,15,133254,75887,0.5694913473516743
puppet,16,136372,78425,0.5750813950077729
puppet,17,146477,89330,0.60985683759225
puppet,18,137806,79468,0.5766657475001088
puppet,19,147821,90328,0.6110633807104539
puppet,20,142230,83037,0.5838219784855516
puppet,21,142534,83302,0.5844359942189232
puppet,22,143788,84232,0.5858068823545776
puppet,23,146874,86750,0.5906423192668546
puppet,24,145418,85387,0.5871831547676354
