"project","version","code_lines","test_lines","test_ratio"
SlickGrid,1,8685,796,0.09165227403569373
SlickGrid,2,8679,796,0.09171563544187118
SlickGrid,3,8679,796,0.09171563544187118
SlickGrid,4,8679,796,0.09171563544187118
SlickGrid,5,8815,796,0.09030062393647192
SlickGrid,6,8603,796,0.09252586307102173
SlickGrid,7,8603,796,0.09252586307102173
SlickGrid,8,6937,796,0.11474700879342656
SlickGrid,9,7057,796,0.11279580558310898
SlickGrid,10,7072,796,0.11255656108597285
SlickGrid,11,7074,796,0.11252473847893696
SlickGrid,12,7100,796,0.11211267605633803
SlickGrid,13,7386,796,0.10777145951800704
SlickGrid,14,7573,796,0.10511026013468902
SlickGrid,15,7608,796,0.1046267087276551
SlickGrid,16,7656,796,0.10397074190177638
SlickGrid,17,7657,796,0.1039571633799138
SlickGrid,18,7680,796,0.10364583333333334
SlickGrid,19,7699,796,0.10339005065592934
SlickGrid,20,7703,796,0.1033363624561859
SlickGrid,21,7833,796,0.101621345589174
SlickGrid,22,8320,796,0.09567307692307692
SlickGrid,23,8356,826,0.09885112494016275
SlickGrid,24,8441,897,0.10626702997275204
jsrender,1,4076,3465,0.8500981354268891
jsrender,2,4121,3468,0.8415433147294346
jsrender,3,4197,3470,0.8267810340719561
jsrender,4,4197,3470,0.8267810340719561
jsrender,5,4197,3470,0.8267810340719561
jsrender,6,4197,3470,0.8267810340719561
jsrender,7,4227,3377,0.7989117577478116
jsrender,8,4234,3377,0.7975909305621162
jsrender,9,4295,3392,0.7897555296856811
jsrender,10,4484,3468,0.7734165923282783
jsrender,11,4491,3468,0.7722110888443554
jsrender,12,4544,3507,0.7717869718309859
jsrender,13,4546,3509,0.7718873735151782
jsrender,14,4550,3509,0.7712087912087912
jsrender,15,4550,3509,0.7712087912087912
jsrender,16,4550,3509,0.7712087912087912
jsrender,17,4553,3509,0.7707006369426752
jsrender,18,4602,3557,0.7729248152976966
jsrender,19,4728,3656,0.7732656514382402
jsrender,20,4728,3656,0.7732656514382402
jsrender,21,4813,3689,0.766465821732807
jsrender,22,4813,3689,0.766465821732807
jsrender,23,4949,3786,0.7650030309153364
jsrender,24,4949,3786,0.7650030309153364
netty-socketio,1,4155,630,0.15162454873646208
netty-socketio,2,4223,630,0.14918304522851053
netty-socketio,3,4231,631,0.14913731978255731
netty-socketio,4,4231,631,0.14913731978255731
netty-socketio,5,4253,631,0.14836585939336938
netty-socketio,6,4825,632,0.1309844559585492
netty-socketio,7,4825,632,0.1309844559585492
netty-socketio,8,4818,658,0.1365711913657119
netty-socketio,9,4802,661,0.1376509787588505
netty-socketio,10,4814,661,0.13730785209804736
netty-socketio,11,4820,661,0.13713692946058093
netty-socketio,12,4849,661,0.136316766343576
netty-socketio,13,5674,660,0.11632005639760311
netty-socketio,14,5653,660,0.11675216699097825
netty-socketio,15,5983,663,0.11081397292328263
netty-socketio,16,6148,664,0.10800260247234873
netty-socketio,17,6147,664,0.10802017244184155
netty-socketio,18,6192,664,0.10723514211886305
netty-socketio,19,5255,384,0.0730732635585157
netty-socketio,20,5354,384,0.07172207695181174
netty-socketio,21,5318,384,0.07220759684091764
netty-socketio,22,5357,384,0.07168191151764047
netty-socketio,23,5338,384,0.0719370550768078
netty-socketio,24,5652,387,0.06847133757961783
Mycat-Server,1,46605,6757,0.1449844437292136
Mycat-Server,2,49387,8048,0.1629578634053496
Mycat-Server,3,46704,6913,0.148017300445358
Mycat-Server,4,47317,7037,0.14872033307268
Mycat-Server,5,50642,7290,0.14395166067690848
Mycat-Server,6,50761,7290,0.14361419199779357
Mycat-Server,7,50809,7290,0.14347851758546715
Mycat-Server,8,50968,7353,0.14426699105320986
Mycat-Server,9,51636,7549,0.14619645208769075
Mycat-Server,10,53826,7716,0.14335079701259615
Mycat-Server,11,57022,7979,0.1399284486689348
Mycat-Server,12,57846,7979,0.13793520727448744
Mycat-Server,13,58769,7979,0.13576885773111674
Mycat-Server,14,60114,8072,0.13427820474431912
Mycat-Server,15,63899,8125,0.12715378957417173
Mycat-Server,16,66942,8524,0.127334110125183
Mycat-Server,17,69461,8936,0.12864773038107716
Mycat-Server,18,80930,11625,0.14364265414555788
Mycat-Server,19,82972,11888,0.14327725015667936
Mycat-Server,20,83757,11995,0.14321191064627434
Mycat-Server,21,87368,12520,0.14330189543082136
Mycat-Server,22,88875,12655,0.14239099859353024
Mycat-Server,23,90002,12661,0.14067465167440724
Mycat-Server,24,91865,12910,0.1405323028356828
jstorm,1,78571,1267,0.016125542502959108
jstorm,2,78571,1267,0.016125542502959108
jstorm,3,80733,1360,0.01684565171615077
jstorm,4,80053,1295,0.016176782881341112
jstorm,5,80178,1297,0.01617650727132131
jstorm,6,80178,1297,0.01617650727132131
jstorm,7,83661,1366,0.01632779909396254
jstorm,8,80841,1579,0.019532168083027178
jstorm,9,99968,1850,0.0185059218950064
jstorm,10,103165,2177,0.02110211796636456
jstorm,11,103705,2270,0.021889012101634443
jstorm,12,103861,2270,0.021856134641491994
jstorm,13,106598,2643,0.024794086192986734
jstorm,14,106598,2643,0.024794086192986734
jstorm,15,106598,2643,0.024794086192986734
jstorm,16,106598,2643,0.024794086192986734
jstorm,17,106598,2643,0.024794086192986734
jstorm,18,108296,2697,0.02490396690551821
jstorm,19,129993,3645,0.028039971383074472
jstorm,20,129993,3645,0.028039971383074472
jstorm,21,129993,3645,0.028039971383074472
jstorm,22,144149,3279,0.022747296200459247
jstorm,23,144769,3279,0.022649876700122265
jstorm,24,146786,3412,0.02324472361124358
smile,1,68468,19797,0.2891423730793948
smile,2,68469,19797,0.2891381501117294
smile,3,80314,20153,0.25092760913414847
smile,4,85106,21776,0.25586915141118133
smile,5,85160,21794,0.25591827148896196
smile,6,85160,21794,0.25591827148896196
smile,7,85160,21794,0.25591827148896196
smile,8,85160,21794,0.25591827148896196
smile,9,85079,21757,0.2557270301719578
smile,10,85292,21758,0.2551001266238334
smile,11,85368,21758,0.2548730203354887
smile,12,87820,21742,0.24757458437713506
smile,13,88424,21749,0.24596263457884737
smile,14,89279,21746,0.24357351672845798
smile,15,89404,21746,0.2432329649680104
smile,16,89419,21746,0.24319216273946254
smile,17,89747,21904,0.24406386843014252
smile,18,90104,21903,0.24308576755748912
smile,19,90164,21903,0.24292400514617807
smile,20,90542,21893,0.24179938592034636
smile,21,90620,21858,0.2412050320017656
smile,22,90848,22026,0.24244892567805565
smile,23,90890,22026,0.2423368907470569
smile,24,91112,22026,0.24174642198612697
velocity,1,2089,0,0
velocity,2,2323,0,0
velocity,3,2582,0,0
velocity,4,2680,0,0
velocity,5,2680,0,0
velocity,6,2680,0,0
velocity,7,2680,0,0
velocity,8,2710,0,0
velocity,9,22899,20184,0.8814358705620333
velocity,10,22904,20184,0.8812434509256025
velocity,11,22899,20184,0.8814358705620333
velocity,12,22900,20184,0.8813973799126638
velocity,13,22899,20184,0.8814358705620333
velocity,14,22899,20184,0.8814358705620333
velocity,15,22899,20184,0.8814358705620333
velocity,16,22908,20184,0.8810895756940806
velocity,17,22908,20184,0.8810895756940806
velocity,18,22908,20184,0.8810895756940806
velocity,19,22908,20184,0.8810895756940806
velocity,20,22908,20184,0.8810895756940806
velocity,21,22908,20184,0.8810895756940806
velocity,22,22913,20184,0.8808973072055165
velocity,23,22908,20184,0.8810895756940806
velocity,24,22908,20184,0.8810895756940806
dat.gui,1,12709,7422,0.5839955936737745
dat.gui,2,12709,7422,0.5839955936737745
dat.gui,3,12709,7422,0.5839955936737745
dat.gui,4,12709,7422,0.5839955936737745
dat.gui,5,12709,7422,0.5839955936737745
dat.gui,6,12709,7422,0.5839955936737745
dat.gui,7,12709,7422,0.5839955936737745
dat.gui,8,12709,7422,0.5839955936737745
dat.gui,9,12709,7422,0.5839955936737745
dat.gui,10,12709,7422,0.5839955936737745
dat.gui,11,12709,7422,0.5839955936737745
dat.gui,12,12709,7422,0.5839955936737745
dat.gui,13,12709,7422,0.5839955936737745
dat.gui,14,12709,7422,0.5839955936737745
dat.gui,15,12709,7422,0.5839955936737745
dat.gui,16,12709,7422,0.5839955936737745
dat.gui,17,12709,7422,0.5839955936737745
dat.gui,18,12709,7422,0.5839955936737745
dat.gui,19,12709,7422,0.5839955936737745
dat.gui,20,12709,7422,0.5839955936737745
dat.gui,21,12709,7422,0.5839955936737745
dat.gui,22,12337,7422,0.60160492826457
dat.gui,23,12353,7422,0.6008257103537602
dat.gui,24,12353,7422,0.6008257103537602
socketcluster,1,0,0,0
socketcluster,2,1005,0,0
socketcluster,3,733,0,0
socketcluster,4,771,0,0
socketcluster,5,3554,0,0
socketcluster,6,1747,350,0.2003434459072696
socketcluster,7,1861,398,0.2138635142396561
socketcluster,8,1860,398,0.21397849462365592
socketcluster,9,1912,446,0.23326359832635984
socketcluster,10,2172,526,0.2421731123388582
socketcluster,11,2127,526,0.24729666196520922
socketcluster,12,2125,524,0.24658823529411764
socketcluster,13,2122,470,0.22148916116870876
socketcluster,14,2192,479,0.21852189781021897
socketcluster,15,2247,473,0.2105028927458834
socketcluster,16,2334,609,0.2609254498714653
socketcluster,17,2350,609,0.2591489361702128
socketcluster,18,2413,609,0.2523829258184832
socketcluster,19,2447,607,0.24805884756845117
socketcluster,20,2470,612,0.24777327935222673
socketcluster,21,2531,612,0.2418016594231529
socketcluster,22,1849,612,0.33098972417522987
socketcluster,23,1849,612,0.33098972417522987
socketcluster,24,1889,614,0.3250397035468502
highcharts,1,90821,1211,0.01333392056903139
highcharts,2,99877,1332,0.013336403776645274
highcharts,3,101372,1341,0.01322850491259914
highcharts,4,101858,1341,0.013165387107541872
highcharts,5,106158,1341,0.012632114395523654
highcharts,6,106944,1344,0.012567324955116697
highcharts,7,118120,1380,0.011683034202505925
highcharts,8,119069,1390,0.011673903366955295
highcharts,9,121224,1390,0.011466376295123077
highcharts,10,120059,1390,0.011577640993178354
highcharts,11,119307,1394,0.011684142590124636
highcharts,12,119749,1417,0.011833084201120678
highcharts,13,122309,1454,0.01188792321088391
highcharts,14,123246,1458,0.011829998539506352
highcharts,15,124249,1458,0.011734500881294819
highcharts,16,124774,1595,0.012783111866254188
highcharts,17,132106,1628,0.012323437239792288
highcharts,18,127575,1454,0.01139721732314325
highcharts,19,131917,1628,0.012341093263188217
highcharts,20,132798,1628,0.01225922077139716
highcharts,21,148862,1628,0.01093630342196128
highcharts,22,150654,1628,0.01080621822188591
highcharts,23,154225,3022,0.01959474793321446
highcharts,24,156035,3022,0.019367449610664274
Pikaday,1,719,0,0
Pikaday,2,719,0,0
Pikaday,3,728,0,0
Pikaday,4,728,0,0
Pikaday,5,734,0,0
Pikaday,6,734,0,0
Pikaday,7,734,0,0
Pikaday,8,734,0,0
Pikaday,9,749,0,0
Pikaday,10,749,0,0
Pikaday,11,792,0,0
Pikaday,12,853,42,0.0492379835873388
Pikaday,13,853,42,0.0492379835873388
Pikaday,14,853,42,0.0492379835873388
Pikaday,15,853,42,0.0492379835873388
Pikaday,16,853,42,0.0492379835873388
Pikaday,17,857,42,0.049008168028004666
Pikaday,18,858,42,0.04895104895104895
Pikaday,19,858,42,0.04895104895104895
Pikaday,20,865,42,0.048554913294797684
Pikaday,21,878,42,0.04783599088838269
Pikaday,22,895,59,0.0659217877094972
Pikaday,23,895,59,0.0659217877094972
Pikaday,24,897,59,0.06577480490523968
incubator-echarts,1,107271,0,0
incubator-echarts,2,160246,0,0
incubator-echarts,3,166576,148,0.0008884833349342042
incubator-echarts,4,168357,148,0.0008790843267580202
incubator-echarts,5,175960,148,0.0008411002500568312
incubator-echarts,6,71728,585,0.008155810840954719
incubator-echarts,7,72606,612,0.008429055449962813
incubator-echarts,8,74647,620,0.008305759106193149
incubator-echarts,9,201123,617,0.003067774446482998
incubator-echarts,10,205489,617,0.0030025938128074984
incubator-echarts,11,210700,617,0.0029283341243474133
incubator-echarts,12,213993,617,0.002883271882725136
incubator-echarts,13,161361,593,0.0036749896195487136
incubator-echarts,14,162207,654,0.004031885183746694
incubator-echarts,15,162187,654,0.004032382373433136
incubator-echarts,16,168013,654,0.0038925559331718378
incubator-echarts,17,164552,656,0.003986581749234284
incubator-echarts,18,164958,658,0.003988894142751488
incubator-echarts,19,169482,658,0.003882418191902385
incubator-echarts,20,177954,660,0.0037088236285781717
incubator-echarts,21,179050,660,0.0036861211951968722
incubator-echarts,22,4405,0,0
incubator-echarts,23,29554,3573,0.12089734046152804
incubator-echarts,24,33874,3665,0.10819507586939836
packery,1,1541,1008,0.6541207008436081
packery,2,1542,1008,0.6536964980544747
packery,3,1540,1008,0.6545454545454545
packery,4,1540,1008,0.6545454545454545
packery,5,1540,1008,0.6545454545454545
packery,6,1614,1047,0.6486988847583643
packery,7,1613,1047,0.6491010539367638
packery,8,1618,1047,0.6470951792336218
packery,9,1618,1047,0.6470951792336218
packery,10,1618,1047,0.6470951792336218
packery,11,1620,1047,0.6462962962962963
packery,12,3791,1047,0.27618042732788184
packery,13,3791,1047,0.27618042732788184
packery,14,3808,1047,0.27494747899159666
packery,15,3808,1047,0.27494747899159666
packery,16,3808,1047,0.27494747899159666
packery,17,3820,1047,0.27408376963350783
packery,18,3993,1075,0.26922113698973205
packery,19,4004,1075,0.26848151848151847
packery,20,4004,1075,0.26848151848151847
packery,21,4004,1075,0.26848151848151847
packery,22,3979,950,0.23875345564212114
packery,23,3979,950,0.23875345564212114
packery,24,3979,950,0.23875345564212114
vivus,1,1055,305,0.2890995260663507
vivus,2,1219,447,0.3666940114848236
vivus,3,1219,447,0.3666940114848236
vivus,4,1343,513,0.3819806403574088
vivus,5,1343,513,0.3819806403574088
vivus,6,1343,513,0.3819806403574088
vivus,7,1343,513,0.3819806403574088
vivus,8,1601,611,0.3816364772017489
vivus,9,1601,611,0.3816364772017489
vivus,10,1601,611,0.3816364772017489
vivus,11,1601,611,0.3816364772017489
vivus,12,1620,628,0.38765432098765434
vivus,13,1620,628,0.38765432098765434
vivus,14,1682,647,0.38466111771700356
vivus,15,1683,647,0.38443256090314915
vivus,16,1683,647,0.38443256090314915
vivus,17,1683,647,0.38443256090314915
vivus,18,1705,656,0.3847507331378299
vivus,19,1760,689,0.39147727272727273
vivus,20,1705,656,0.3847507331378299
vivus,21,1719,669,0.38917975567190227
vivus,22,1719,669,0.38917975567190227
vivus,23,1720,669,0.38895348837209304
vivus,24,1720,669,0.38895348837209304
pybrain,1,21337,876,0.041055443595632
pybrain,2,21371,876,0.04099012680735576
pybrain,3,21685,876,0.04039658750288218
pybrain,4,21746,876,0.04028327048652626
pybrain,5,21817,876,0.040152174909474266
pybrain,6,21829,888,0.04067982958449769
pybrain,7,21829,888,0.04067982958449769
pybrain,8,21829,888,0.04067982958449769
pybrain,9,21829,888,0.04067982958449769
pybrain,10,21829,888,0.04067982958449769
pybrain,11,21834,888,0.040670513877438856
pybrain,12,21834,888,0.040670513877438856
pybrain,13,21834,888,0.040670513877438856
pybrain,14,21834,888,0.040670513877438856
pybrain,15,22617,888,0.03926250165804483
pybrain,16,21958,888,0.040440841606703706
pybrain,17,21958,888,0.040440841606703706
pybrain,18,21958,888,0.040440841606703706
pybrain,19,21958,888,0.040440841606703706
pybrain,20,21958,888,0.040440841606703706
pybrain,21,21962,888,0.04043347600400692
pybrain,22,21962,888,0.04043347600400692
pybrain,23,21962,888,0.04043347600400692
pybrain,24,21969,892,0.04060266739496563
bup,1,12791,111,0.008677976702368853
bup,2,12791,111,0.008677976702368853
bup,3,12795,111,0.008675263774912075
bup,4,12840,111,0.008644859813084112
bup,5,12841,111,0.008644186589829453
bup,6,12980,111,0.008551617873651772
bup,7,12961,111,0.008564154000462927
bup,8,8741,86,0.009838691225260267
bup,9,8925,86,0.009635854341736695
bup,10,8925,86,0.009635854341736695
bup,11,8955,86,0.0096035734226689
bup,12,9067,86,0.009484945406418881
bup,13,9183,86,0.009365131220733965
bup,14,9194,86,0.009353926473787253
bup,15,9248,86,0.009299307958477509
bup,16,9252,86,0.009295287505404237
bup,17,9264,86,0.009283246977547496
bup,18,9290,86,0.009257265877287407
bup,19,9288,86,0.009259259259259259
bup,20,9299,86,0.009248306269491344
bup,21,9334,86,0.009213627598028712
bup,22,9411,86,0.00913824248220168
bup,23,9437,86,0.009113065592879093
bup,24,9437,86,0.009113065592879093
fullPage.js,1,990,0,0
fullPage.js,2,1043,0,0
fullPage.js,3,1059,0,0
fullPage.js,4,1065,0,0
fullPage.js,5,1151,0,0
fullPage.js,6,1159,0,0
fullPage.js,7,1165,0,0
fullPage.js,8,1155,0,0
fullPage.js,9,1181,0,0
fullPage.js,10,1210,0,0
fullPage.js,11,1246,0,0
fullPage.js,12,1288,0,0
fullPage.js,13,2505,0,0
fullPage.js,14,3152,0,0
fullPage.js,15,3184,0,0
fullPage.js,16,3205,0,0
fullPage.js,17,3522,206,0.05848949460533787
fullPage.js,18,3549,221,0.06227106227106227
fullPage.js,19,3595,227,0.06314325452016689
fullPage.js,20,3609,227,0.06289830978110279
fullPage.js,21,3635,227,0.0624484181568088
fullPage.js,22,5270,227,0.043074003795066415
fullPage.js,23,3687,227,0.06156767019256849
fullPage.js,24,5413,227,0.041936079807869946
jieba,1,193226,1325,0.00685725523480277
jieba,2,193298,1339,0.006927128061335348
jieba,3,193699,1663,0.008585485727856107
jieba,4,193705,1663,0.008585219792984176
jieba,5,193705,1663,0.008585219792984176
jieba,6,193286,1328,0.006870647641319082
jieba,7,193286,1328,0.006870647641319082
jieba,8,193714,1670,0.00862095666807768
jieba,9,193715,1670,0.008620912164778154
jieba,10,193294,1328,0.006870363280805405
jieba,11,193716,1670,0.008620867661938095
jieba,12,193295,1328,0.006870327737396208
jieba,13,193700,1659,0.008564790913784202
jieba,14,193778,1713,0.00884001279815046
jieba,15,193780,1713,0.008839921560532562
jieba,16,193789,1713,0.00883951101455707
jieba,17,193887,1744,0.008994930036567692
jieba,18,193917,1745,0.008998695318100013
jieba,19,193917,1745,0.008998695318100013
jieba,20,193909,1745,0.008999066572464404
jieba,21,193984,1760,0.009072913229957109
jieba,22,194027,1775,0.009148211331412638
jieba,23,194206,1855,0.009551713129357486
jieba,24,194213,1855,0.009551368857903435
platform_development,1,54307,2208,0.04065774209586241
platform_development,2,52828,2201,0.04166351177405921
platform_development,3,53627,2208,0.04117328957428161
platform_development,4,53964,2225,0.04123119116448002
platform_development,5,59225,2693,0.04547066272688898
platform_development,6,54190,2236,0.04126222550286031
platform_development,7,59941,2694,0.044944195125206456
platform_development,8,66791,2694,0.04033477564342501
platform_development,9,54648,2230,0.040806616893573414
platform_development,10,54648,2230,0.040806616893573414
platform_development,11,54648,2230,0.040806616893573414
platform_development,12,79325,3098,0.03905452253387961
platform_development,13,67459,2856,0.042336826813323646
platform_development,14,81250,3268,0.04022153846153846
platform_development,15,81357,3268,0.04016863945327384
platform_development,16,85049,3298,0.038777645827699325
platform_development,17,85350,3268,0.038289396602226126
platform_development,18,86271,3298,0.03822837338155348
platform_development,19,87348,3298,0.037757017905389934
platform_development,20,75484,3086,0.04088283609771607
platform_development,21,76332,3087,0.04044175444112561
platform_development,22,77679,3087,0.039740470397404706
platform_development,23,87493,3298,0.03769444412695873
platform_development,24,78956,3087,0.03909772531536552
mailinabox,1,167,40,0.23952095808383234
mailinabox,2,156,40,0.2564102564102564
mailinabox,3,248,132,0.532258064516129
mailinabox,4,656,150,0.22865853658536586
mailinabox,5,1438,149,0.10361613351877608
mailinabox,6,1680,149,0.0886904761904762
mailinabox,7,2200,149,0.06772727272727273
mailinabox,8,2689,149,0.055410933432502786
mailinabox,9,2827,149,0.052706048814998234
mailinabox,10,2846,149,0.05235418130709768
mailinabox,11,2874,149,0.05184411969380654
mailinabox,12,3029,149,0.04919115219544404
mailinabox,13,2961,149,0.05032083755488011
mailinabox,14,3069,149,0.04855001629195178
mailinabox,15,3177,149,0.046899590808939254
mailinabox,16,3296,222,0.06735436893203883
mailinabox,17,3363,222,0.06601248884924175
mailinabox,18,3453,222,0.06429192006950478
mailinabox,19,3580,222,0.06201117318435754
mailinabox,20,3677,222,0.06037530595594234
mailinabox,21,3715,222,0.05975773889636608
mailinabox,22,3708,222,0.059870550161812294
mailinabox,23,3746,222,0.059263214095034704
mailinabox,24,4024,222,0.055168986083499
d3,1,37067,11512,0.3105727466479618
d3,2,37365,11642,0.3115750033453767
d3,3,38312,13032,0.3401545207767801
d3,4,38406,13070,0.34031140967557155
d3,5,38412,13071,0.3402842861605748
d3,6,38439,13092,0.3405915866697885
d3,7,38514,13133,0.3409928857038999
d3,8,38765,13841,0.35704888430285053
d3,9,38752,13850,0.3574009083402147
d3,10,38493,14181,0.36840464500038966
d3,11,33273,14315,0.43022871397228984
d3,12,34262,14899,0.434854941334423
d3,13,33880,15415,0.4549881936245573
d3,14,33187,15721,0.4737095850784946
d3,15,34889,16269,0.4663074321419359
d3,16,36512,16737,0.45839723926380366
d3,17,36594,16914,0.46220691916707657
d3,18,38307,17981,0.4693920171248075
d3,19,38961,18458,0.47375580708914045
d3,20,39064,18517,0.4740169977472865
d3,21,39708,18845,0.47458950337463485
d3,22,39765,18892,0.475091160568339
d3,23,40500,18977,0.4685679012345679
d3,24,40501,18977,0.4685563319424212
instantclick,1,6888,6417,0.9316202090592335
instantclick,2,6889,6417,0.9314849760487734
instantclick,3,6889,6417,0.9314849760487734
instantclick,4,6889,6417,0.9314849760487734
instantclick,5,6889,6417,0.9314849760487734
instantclick,6,6889,6417,0.9314849760487734
instantclick,7,6889,6417,0.9314849760487734
instantclick,8,6896,6424,0.931554524361949
instantclick,9,6906,6425,0.9303504199247031
instantclick,10,6906,6425,0.9303504199247031
instantclick,11,6952,6424,0.9240506329113924
instantclick,12,6952,6424,0.9240506329113924
instantclick,13,6957,6429,0.9241052177662785
instantclick,14,6957,6429,0.9241052177662785
instantclick,15,6957,6429,0.9241052177662785
instantclick,16,6957,6429,0.9241052177662785
instantclick,17,6957,6429,0.9241052177662785
instantclick,18,6957,6429,0.9241052177662785
instantclick,19,6960,6429,0.9237068965517241
instantclick,20,6922,6425,0.9281999422132332
instantclick,21,6922,6425,0.9281999422132332
instantclick,22,6922,6425,0.9281999422132332
instantclick,23,6922,6425,0.9281999422132332
instantclick,24,6922,6425,0.9281999422132332
Gooey,1,1981,24,0.012115093387178193
Gooey,2,1981,24,0.012115093387178193
Gooey,3,2112,15,0.007102272727272727
Gooey,4,2403,15,0.006242197253433208
Gooey,5,2813,15,0.005332385353714895
Gooey,6,3372,548,0.16251482799525505
Gooey,7,3519,548,0.15572605853935778
Gooey,8,3600,548,0.15222222222222223
Gooey,9,3682,548,0.14883215643671918
Gooey,10,3695,548,0.1483085250338295
Gooey,11,3489,548,0.15706506162224132
Gooey,12,3516,566,0.16097838452787258
Gooey,13,3130,273,0.08722044728434505
Gooey,14,3138,273,0.0869980879541109
Gooey,15,3155,273,0.08652931854199683
Gooey,16,3155,273,0.08652931854199683
Gooey,17,3169,273,0.08614704954244241
Gooey,18,3251,307,0.09443248231313442
Gooey,19,3299,323,0.09790845710821461
Gooey,20,2050,259,0.12634146341463415
Gooey,21,2060,259,0.12572815533980583
Gooey,22,2063,259,0.12554532234609792
Gooey,23,2063,259,0.12554532234609792
Gooey,24,2079,259,0.12457912457912458
imagesloaded,1,243,0,0
imagesloaded,2,243,0,0
imagesloaded,3,241,0,0
imagesloaded,4,241,0,0
imagesloaded,5,241,0,0
imagesloaded,6,241,0,0
imagesloaded,7,243,0,0
imagesloaded,8,243,0,0
imagesloaded,9,243,0,0
imagesloaded,10,243,0,0
imagesloaded,11,243,0,0
imagesloaded,12,394,204,0.5177664974619289
imagesloaded,13,410,213,0.5195121951219512
imagesloaded,14,413,213,0.5157384987893463
imagesloaded,15,413,213,0.5157384987893463
imagesloaded,16,413,213,0.5157384987893463
imagesloaded,17,413,213,0.5157384987893463
imagesloaded,18,413,213,0.5157384987893463
imagesloaded,19,422,213,0.504739336492891
imagesloaded,20,430,213,0.49534883720930234
imagesloaded,21,430,213,0.49534883720930234
imagesloaded,22,430,213,0.49534883720930234
imagesloaded,23,987,236,0.23910840932117527
imagesloaded,24,987,236,0.23910840932117527
jsfuck,1,212,0,0
jsfuck,2,212,0,0
jsfuck,3,212,0,0
jsfuck,4,220,0,0
jsfuck,5,220,0,0
jsfuck,6,351,36,0.10256410256410256
jsfuck,7,351,36,0.10256410256410256
jsfuck,8,351,36,0.10256410256410256
jsfuck,9,351,36,0.10256410256410256
jsfuck,10,345,36,0.10434782608695652
jsfuck,11,345,36,0.10434782608695652
jsfuck,12,345,36,0.10434782608695652
jsfuck,13,345,36,0.10434782608695652
jsfuck,14,367,36,0.09809264305177112
jsfuck,15,367,36,0.09809264305177112
jsfuck,16,367,36,0.09809264305177112
jsfuck,17,367,36,0.09809264305177112
jsfuck,18,367,36,0.09809264305177112
jsfuck,19,374,36,0.0962566844919786
jsfuck,20,374,36,0.0962566844919786
jsfuck,21,374,36,0.0962566844919786
jsfuck,22,366,36,0.09836065573770492
jsfuck,23,366,36,0.09836065573770492
jsfuck,24,366,36,0.09836065573770492
side-comments,1,17547,7962,0.4537527782526928
side-comments,2,17547,7962,0.4537527782526928
side-comments,3,17804,8088,0.45427993709278813
side-comments,4,17547,7962,0.4537527782526928
side-comments,5,17547,7962,0.4537527782526928
side-comments,6,17547,7962,0.4537527782526928
side-comments,7,17547,7962,0.4537527782526928
side-comments,8,17547,7962,0.4537527782526928
side-comments,9,17547,7962,0.4537527782526928
side-comments,10,17547,7962,0.4537527782526928
side-comments,11,17547,7962,0.4537527782526928
side-comments,12,17547,7962,0.4537527782526928
side-comments,13,17547,7962,0.4537527782526928
side-comments,14,17547,7962,0.4537527782526928
side-comments,15,17547,7962,0.4537527782526928
side-comments,16,17547,7962,0.4537527782526928
side-comments,17,17547,7962,0.4537527782526928
side-comments,18,17547,7962,0.4537527782526928
side-comments,19,17547,7962,0.4537527782526928
side-comments,20,17547,7962,0.4537527782526928
side-comments,21,17547,7962,0.4537527782526928
side-comments,22,17547,7962,0.4537527782526928
side-comments,23,17547,7962,0.4537527782526928
side-comments,24,17547,7962,0.4537527782526928
platform_frameworks_base,1,559881,98191,0.17537833932567815
platform_frameworks_base,2,523295,100857,0.1927344996608032
platform_frameworks_base,3,547082,106444,0.19456681082543384
platform_frameworks_base,4,554729,108262,0.19516196196701452
platform_frameworks_base,5,568961,109438,0.1923471028769986
platform_frameworks_base,6,569907,101841,0.17869757697308508
platform_frameworks_base,7,584007,103684,0.17753896785483736
platform_frameworks_base,8,603176,115462,0.1914233988089712
platform_frameworks_base,9,516369,102691,0.19887134975182477
platform_frameworks_base,10,605631,116066,0.19164474737917972
platform_frameworks_base,11,633448,120504,0.1902350311312057
platform_frameworks_base,12,617987,117839,0.19068200463763801
platform_frameworks_base,13,664643,126755,0.1907114044682634
platform_frameworks_base,14,674992,128602,0.19052373954061677
platform_frameworks_base,15,680773,129367,0.19002956932780823
platform_frameworks_base,16,687554,131541,0.19131733652920352
platform_frameworks_base,17,694425,134134,0.19315836843431616
platform_frameworks_base,18,695241,133012,0.1913178307953645
platform_frameworks_base,19,699539,133202,0.19041397263054669
platform_frameworks_base,20,710277,138825,0.19545191523870264
platform_frameworks_base,21,728806,138856,0.1905253249836033
platform_frameworks_base,22,747055,141180,0.18898206959326957
platform_frameworks_base,23,758558,143128,0.18868431945876254
platform_frameworks_base,24,763796,142055,0.18598552493074066
reactGo,1,21286,0,0
reactGo,2,1115,0,0
reactGo,3,1200,0,0
reactGo,4,1112,0,0
reactGo,5,1105,0,0
reactGo,6,1098,0,0
reactGo,7,1254,0,0
reactGo,8,872,0,0
reactGo,9,874,0,0
reactGo,10,874,0,0
reactGo,11,934,0,0
reactGo,12,1143,143,0.12510936132983377
reactGo,13,1118,143,0.12790697674418605
reactGo,14,1250,181,0.1448
reactGo,15,1369,191,0.13951789627465302
reactGo,16,2061,191,0.09267345948568656
reactGo,17,2126,251,0.1180620884289746
reactGo,18,2665,785,0.2945590994371482
reactGo,19,2678,797,0.2976101568334578
reactGo,20,2674,789,0.2950635751682872
reactGo,21,2677,777,0.2902502801643631
reactGo,22,2677,777,0.2902502801643631
reactGo,23,2702,769,0.28460399703923017
reactGo,24,2674,769,0.287584143605086
markdown-here,1,18867,5517,0.2924153283510892
markdown-here,2,18969,5517,0.2908429542938479
markdown-here,3,18976,5517,0.2907356661045531
markdown-here,4,19127,5561,0.2907408375594709
markdown-here,5,19127,5561,0.2907408375594709
markdown-here,6,19143,5574,0.29117693151543644
markdown-here,7,20025,5687,0.28399500624219726
markdown-here,8,20531,6015,0.29297160391602944
markdown-here,9,21417,6015,0.28085165989634403
markdown-here,10,21529,6024,0.27980863021970365
markdown-here,11,21780,6069,0.27865013774104685
markdown-here,12,21891,6079,0.27769402950984423
markdown-here,13,21918,6092,0.27794506798065516
markdown-here,14,21978,6092,0.2771862771862772
markdown-here,15,22146,6144,0.2774315903549174
markdown-here,16,22146,6144,0.2774315903549174
markdown-here,17,22146,6144,0.2774315903549174
markdown-here,18,22146,6144,0.2774315903549174
markdown-here,19,24219,6144,0.25368512325034065
markdown-here,20,24219,6144,0.25368512325034065
markdown-here,21,24220,6144,0.25367464905037157
markdown-here,22,24246,6170,0.25447496494267097
markdown-here,23,24246,6170,0.25447496494267097
markdown-here,24,24260,6170,0.2543281121187139
simditor,1,13685,0,0
simditor,2,13731,0,0
simditor,3,13817,0,0
simditor,4,14344,0,0
simditor,5,14939,0,0
simditor,6,7896,0,0
simditor,7,7908,0,0
simditor,8,8784,577,0.06568761384335155
simditor,9,8850,577,0.06519774011299435
simditor,10,9065,577,0.06365140650854936
simditor,11,9075,577,0.06358126721763085
simditor,12,13893,631,0.04541855610739221
simditor,13,14078,705,0.05007813609887768
simditor,14,14601,745,0.051023902472433394
simditor,15,9583,745,0.07774183449859126
simditor,16,14420,664,0.04604715672676838
simditor,17,9709,664,0.06839015346585642
simditor,18,15243,889,0.0583218526536771
simditor,19,15516,889,0.05729569476669245
simditor,20,15519,889,0.05728461885430762
simditor,21,15519,889,0.05728461885430762
simditor,22,15519,889,0.05728461885430762
simditor,23,15519,889,0.05728461885430762
simditor,24,15519,889,0.05728461885430762
quaggaJS,1,32140,0,0
quaggaJS,2,32489,230,0.007079319154175259
quaggaJS,3,34830,230,0.006603502727533735
quaggaJS,4,34877,231,0.006623276084525618
quaggaJS,5,33323,231,0.006932148966179516
quaggaJS,6,34016,231,0.006790921919096896
quaggaJS,7,35497,411,0.011578443248725244
quaggaJS,8,36061,653,0.01810820554061174
quaggaJS,9,36941,780,0.02111475054817141
quaggaJS,10,39006,826,0.02117622929805671
quaggaJS,11,12891,832,0.06454115274222326
quaggaJS,12,21152,787,0.03720688350983359
quaggaJS,13,21153,787,0.03720512456861911
quaggaJS,14,21200,787,0.037122641509433965
quaggaJS,15,21132,787,0.037242097293204615
quaggaJS,16,21250,787,0.03703529411764706
quaggaJS,17,21429,787,0.03672593214802371
quaggaJS,18,24566,862,0.03508914760237727
quaggaJS,19,25276,921,0.03643772748852667
quaggaJS,20,26227,910,0.03469706790711862
quaggaJS,21,26227,910,0.03469706790711862
quaggaJS,22,26122,910,0.03483653625296685
quaggaJS,23,26574,937,0.035260028599382855
quaggaJS,24,27153,993,0.03657054469119434
RISE,1,12021,1953,0.16246568505116046
RISE,2,12021,1953,0.16246568505116046
RISE,3,12019,1953,0.16249271986022132
RISE,4,12019,1953,0.16249271986022132
RISE,5,12037,1953,0.16224972999916923
RISE,6,10618,1953,0.18393294405726127
RISE,7,10619,1953,0.18391562294001318
RISE,8,10682,1953,0.18283093053735255
RISE,9,10682,1953,0.18283093053735255
RISE,10,10688,1953,0.18272829341317365
RISE,11,10682,1953,0.18283093053735255
RISE,12,10682,1953,0.18283093053735255
RISE,13,10703,1953,0.18247220405493786
RISE,14,10595,1953,0.18433223218499292
RISE,15,10598,1953,0.18428005284015853
RISE,16,10606,1953,0.18414105223458418
RISE,17,10607,1953,0.18412369190157443
RISE,18,10614,1953,0.18400226116449972
RISE,19,10603,1953,0.18419315288126
RISE,20,10614,1953,0.18400226116449972
RISE,21,10615,1953,0.18398492699010835
RISE,22,10619,1953,0.18391562294001318
RISE,23,10619,1953,0.18391562294001318
RISE,24,10619,1953,0.18391562294001318
plupload,1,5541,1321,0.23840462010467425
plupload,2,5542,1321,0.23836160230963552
plupload,3,5631,1321,0.23459421061978333
plupload,4,5708,1321,0.23142957252978277
plupload,5,5708,1321,0.23142957252978277
plupload,6,5708,1321,0.23142957252978277
plupload,7,5773,1321,0.228823835094405
plupload,8,5955,1321,0.2218303946263644
plupload,9,5955,1321,0.2218303946263644
plupload,10,5955,1321,0.2218303946263644
plupload,11,6109,1321,0.2162383368800131
plupload,12,6109,1321,0.2162383368800131
plupload,13,6109,1321,0.2162383368800131
plupload,14,6109,1321,0.2162383368800131
plupload,15,6109,1321,0.2162383368800131
plupload,16,6109,1321,0.2162383368800131
plupload,17,6109,1321,0.2162383368800131
plupload,18,6111,1321,0.2161675666830306
plupload,19,2853,0,0
plupload,20,2545,0,0
plupload,21,2541,0,0
plupload,22,2575,0,0
plupload,23,2589,0,0
plupload,24,2596,0,0
two.js,1,12372,567,0.04582929194956353
two.js,2,12493,567,0.045385415832866406
two.js,3,13523,688,0.050876284848036676
two.js,4,14071,690,0.04903702650842157
two.js,5,14204,690,0.04857786539003098
two.js,6,13671,664,0.048569965620656866
two.js,7,13667,847,0.061974098192727006
two.js,8,13734,847,0.06167176350662589
two.js,9,14166,968,0.06833262741776083
two.js,10,14166,968,0.06833262741776083
two.js,11,14230,968,0.06802529866479269
two.js,12,15143,968,0.06392392524598825
two.js,13,15353,968,0.06304956685989709
two.js,14,15899,979,0.061576199760991254
two.js,15,15924,979,0.061479527756845016
two.js,16,17019,1029,0.060461836770668076
two.js,17,17334,1029,0.05936310141917619
two.js,18,17561,1029,0.05859575195034451
two.js,19,17571,1029,0.05856240396107222
two.js,20,17571,1029,0.05856240396107222
two.js,21,17571,1029,0.05856240396107222
two.js,22,15899,979,0.061576199760991254
two.js,23,15899,979,0.061576199760991254
two.js,24,15899,979,0.061576199760991254
NewsBlur,1,57931,223,0.003849407053218484
NewsBlur,2,59603,223,0.003741422411623576
NewsBlur,3,60720,594,0.009782608695652175
NewsBlur,4,63059,594,0.00941974975816299
NewsBlur,5,64419,594,0.00922088203790807
NewsBlur,6,64778,594,0.009169779863533916
NewsBlur,7,65671,594,0.009045088395182043
NewsBlur,8,67832,594,0.00875692888312301
NewsBlur,9,71450,594,0.008313505948215536
NewsBlur,10,67400,594,0.008813056379821958
NewsBlur,11,67241,223,0.0033164289644710817
NewsBlur,12,68445,224,0.0032727007085981445
NewsBlur,13,68859,224,0.003253024296025211
NewsBlur,14,72400,224,0.0030939226519337017
NewsBlur,15,73436,224,0.003050275069448227
NewsBlur,16,134552,17894,0.13298947618764492
NewsBlur,17,136520,17894,0.13107237034866687
NewsBlur,18,139180,17923,0.12877568616180485
NewsBlur,19,127492,7316,0.057383992721111915
NewsBlur,20,127889,7316,0.05720585820516229
NewsBlur,21,151277,11092,0.07332244822411867
NewsBlur,22,130593,7360,0.05635830404386146
NewsBlur,23,158516,11092,0.0699740089328522
NewsBlur,24,137090,7360,0.0536873586694872
freeboard,1,17593,0,0
freeboard,2,17867,0,0
freeboard,3,17909,0,0
freeboard,4,18130,0,0
freeboard,5,18130,0,0
freeboard,6,39400,0,0
freeboard,7,39611,128,0.0032314256140970944
freeboard,8,40382,128,0.003169729087217077
freeboard,9,40212,128,0.003183129414105242
freeboard,10,40212,128,0.003183129414105242
freeboard,11,40268,132,0.0032780371510877124
freeboard,12,40453,132,0.0032630460040046472
freeboard,13,40747,132,0.0032395022946474588
freeboard,14,40747,132,0.0032395022946474588
freeboard,15,40918,132,0.0032259641233686885
freeboard,16,41216,132,0.003202639751552795
freeboard,17,41261,132,0.003199146894161557
freeboard,18,41261,132,0.003199146894161557
freeboard,19,41269,132,0.0031985267391989145
freeboard,20,41286,132,0.003197209707891295
freeboard,21,41286,132,0.003197209707891295
freeboard,22,41286,132,0.003197209707891295
freeboard,23,41303,132,0.003195893760743772
freeboard,24,41303,132,0.003195893760743772
jQuery-Validation-Engine,1,3312,632,0.19082125603864733
jQuery-Validation-Engine,2,3312,632,0.19082125603864733
jQuery-Validation-Engine,3,3312,632,0.19082125603864733
jQuery-Validation-Engine,4,3310,632,0.19093655589123867
jQuery-Validation-Engine,5,3474,632,0.18192285549798504
jQuery-Validation-Engine,6,3699,632,0.17085698837523655
jQuery-Validation-Engine,7,3991,632,0.15835630167877726
jQuery-Validation-Engine,8,4092,632,0.1544477028347996
jQuery-Validation-Engine,9,4254,632,0.14856605547719792
jQuery-Validation-Engine,10,4443,632,0.14224623002475806
jQuery-Validation-Engine,11,4552,632,0.13884007029876977
jQuery-Validation-Engine,12,4593,632,0.13760069671238842
jQuery-Validation-Engine,13,4770,632,0.13249475890985324
jQuery-Validation-Engine,14,4669,632,0.13536089098307988
jQuery-Validation-Engine,15,5034,632,0.12554628526023043
jQuery-Validation-Engine,16,5103,632,0.12384871644130903
jQuery-Validation-Engine,17,5144,632,0.12286158631415241
jQuery-Validation-Engine,18,5166,632,0.12233836624080527
jQuery-Validation-Engine,19,5246,632,0.12047274113610369
jQuery-Validation-Engine,20,5255,632,0.12026641294005709
jQuery-Validation-Engine,21,5510,632,0.1147005444646098
jQuery-Validation-Engine,22,5530,632,0.11428571428571428
jQuery-Validation-Engine,23,5534,632,0.11420310805926996
jQuery-Validation-Engine,24,5534,632,0.11420310805926996
raphael,1,6169,2198,0.3562976171178473
raphael,2,6449,2198,0.3408280353543185
raphael,3,6550,2198,0.33557251908396946
raphael,4,6547,2198,0.33572628684893846
raphael,5,6547,2198,0.33572628684893846
raphael,6,6547,2198,0.33572628684893846
raphael,7,6547,2198,0.33572628684893846
raphael,8,6547,2198,0.33572628684893846
raphael,9,6547,2198,0.33572628684893846
raphael,10,7408,2198,0.2967062634989201
raphael,11,7582,2198,0.28989712476919016
raphael,12,7582,2198,0.28989712476919016
raphael,13,7582,2198,0.28989712476919016
raphael,14,7663,2198,0.28683283309408847
raphael,15,12783,2198,0.17194711726511774
raphael,16,13131,2198,0.16739014545731476
raphael,17,13205,2198,0.16645210147671335
raphael,18,13205,2198,0.16645210147671335
raphael,19,13239,2198,0.16602462421633055
raphael,20,13239,2198,0.16602462421633055
raphael,21,13307,2198,0.165176223040505
raphael,22,13307,2198,0.165176223040505
raphael,23,11028,0,0
raphael,24,11028,0,0
sugar,1,543,18,0.03314917127071823
sugar,2,543,18,0.03314917127071823
sugar,3,1276,393,0.30799373040752354
sugar,4,1459,384,0.26319396847155585
sugar,5,1470,384,0.2612244897959184
sugar,6,1467,384,0.261758691206544
sugar,7,1488,384,0.25806451612903225
sugar,8,1473,384,0.2606924643584521
sugar,9,1473,384,0.2606924643584521
sugar,10,1473,384,0.2606924643584521
sugar,11,1470,384,0.2612244897959184
sugar,12,1542,384,0.2490272373540856
sugar,13,1587,384,0.24196597353497165
sugar,14,1659,422,0.2543701024713683
sugar,15,1659,422,0.2543701024713683
sugar,16,1659,422,0.2543701024713683
sugar,17,1657,422,0.2546771273385637
sugar,18,1715,417,0.24314868804664724
sugar,19,1715,417,0.24314868804664724
sugar,20,1715,417,0.24314868804664724
sugar,21,1715,417,0.24314868804664724
sugar,22,1715,417,0.24314868804664724
sugar,23,1715,417,0.24314868804664724
sugar,24,1884,417,0.2213375796178344
elasticsearch-kopf,1,6597,0,0
elasticsearch-kopf,2,9454,1725,0.18246244975671674
elasticsearch-kopf,3,11171,3027,0.27096947453227105
elasticsearch-kopf,4,11453,3067,0.26779009866410547
elasticsearch-kopf,5,12060,3433,0.28466003316749583
elasticsearch-kopf,6,12162,3431,0.2821082058871896
elasticsearch-kopf,7,12655,3433,0.2712761754247333
elasticsearch-kopf,8,12752,3770,0.29563989962358844
elasticsearch-kopf,9,13036,4194,0.3217244553544032
elasticsearch-kopf,10,13283,4385,0.33012120755853347
elasticsearch-kopf,11,15027,5129,0.34131895920676114
elasticsearch-kopf,12,15830,5756,0.36361339229311435
elasticsearch-kopf,13,15806,5775,0.3653675819309123
elasticsearch-kopf,14,15965,5835,0.3654870028186658
elasticsearch-kopf,15,16021,5846,0.3648960739030023
elasticsearch-kopf,16,16664,6067,0.36407825252040327
elasticsearch-kopf,17,17483,6352,0.363324372247326
elasticsearch-kopf,18,18204,6766,0.3716765546033839
elasticsearch-kopf,19,18653,6889,0.36932396933469147
elasticsearch-kopf,20,18737,6949,0.3708704701926669
elasticsearch-kopf,21,18741,6949,0.3707913131636519
elasticsearch-kopf,22,18615,6909,0.3711522965350524
elasticsearch-kopf,23,18906,7058,0.3733206389505977
elasticsearch-kopf,24,25448,7152,0.28104369695064446
rainbow,1,3633,1901,0.5232590145884943
rainbow,2,3633,1901,0.5232590145884943
rainbow,3,3642,1906,0.5233388248215266
rainbow,4,3657,1921,0.5252939567951873
rainbow,5,3657,1921,0.5252939567951873
rainbow,6,3657,1921,0.5252939567951873
rainbow,7,11515,9739,0.8457663916630482
rainbow,8,11572,9777,0.8448842032492223
rainbow,9,11572,9777,0.8448842032492223
rainbow,10,11598,9789,0.8440248318675634
rainbow,11,11585,9789,0.8449719464825205
rainbow,12,11585,9789,0.8449719464825205
rainbow,13,11585,9789,0.8449719464825205
rainbow,14,11585,9789,0.8449719464825205
rainbow,15,11585,9789,0.8449719464825205
rainbow,16,11585,9789,0.8449719464825205
rainbow,17,11585,9789,0.8449719464825205
rainbow,18,11585,9789,0.8449719464825205
rainbow,19,11585,9789,0.8449719464825205
rainbow,20,11585,9789,0.8449719464825205
rainbow,21,11729,9818,0.8370705089947992
rainbow,22,11724,9818,0.8374274991470488
rainbow,23,11724,9818,0.8374274991470488
rainbow,24,11724,9818,0.8374274991470488
gmaps,1,1186,0,0
gmaps,2,1207,0,0
gmaps,3,1327,0,0
gmaps,4,1327,0,0
gmaps,5,3655,2316,0.6336525307797538
gmaps,6,4479,3025,0.6753739674034382
gmaps,7,4500,3028,0.6728888888888889
gmaps,8,4507,3028,0.6718437985356113
gmaps,9,4516,3028,0.6705048715677591
gmaps,10,6150,3028,0.4923577235772358
gmaps,11,6197,3028,0.4886235275133129
gmaps,12,6206,3028,0.4879149210441508
gmaps,13,6244,3028,0.4849455477258168
gmaps,14,6244,3028,0.4849455477258168
gmaps,15,6296,3028,0.4809402795425667
gmaps,16,6314,3028,0.47956921127652835
gmaps,17,6391,3066,0.47973713033953996
gmaps,18,6391,3066,0.47973713033953996
gmaps,19,6346,3028,0.4771509612354239
gmaps,20,6450,3113,0.4826356589147287
gmaps,21,6450,3113,0.4826356589147287
gmaps,22,6517,3132,0.480589228172472
gmaps,23,6544,3153,0.4818154034229829
gmaps,24,6544,3153,0.4818154034229829
r.js,1,29076,5344,0.1837941945246939
r.js,2,27630,6062,0.2193992037640246
r.js,3,27731,6268,0.22602863221665284
r.js,4,28099,6474,0.23039965835083098
r.js,5,31882,10318,0.3236308889028292
r.js,6,32754,10700,0.32667765769066376
r.js,7,48970,13316,0.2719215846436594
r.js,8,49068,13359,0.2722548300317926
r.js,9,50326,13901,0.2762190517823789
r.js,10,51231,14167,0.2765317873943511
r.js,11,51651,14480,0.28034307177014967
r.js,12,51668,14480,0.2802508322365874
r.js,13,55426,17218,0.31064843214375926
r.js,14,55450,17224,0.31062218214607756
r.js,15,56376,17332,0.30743578827870016
r.js,16,56486,17387,0.3078107849732677
r.js,17,56528,17421,0.30818355505236344
r.js,18,57478,18014,0.31340686871498663
r.js,19,57500,18014,0.31328695652173916
r.js,20,57509,18014,0.31323792797649064
r.js,21,58958,18549,0.3146137928695003
r.js,22,59598,18829,0.3159334205845834
r.js,23,59606,18829,0.3158910176827836
r.js,24,59644,18866,0.31631010663268727
EventEmitter,1,1399,1287,0.9199428162973553
EventEmitter,2,1408,1287,0.9140625
EventEmitter,3,1408,1287,0.9140625
EventEmitter,4,1408,1287,0.9140625
EventEmitter,5,419,290,0.6921241050119332
EventEmitter,6,447,315,0.7046979865771812
EventEmitter,7,450,315,0.7
EventEmitter,8,450,315,0.7
EventEmitter,9,450,315,0.7
EventEmitter,10,468,326,0.6965811965811965
EventEmitter,11,468,326,0.6965811965811965
EventEmitter,12,468,326,0.6965811965811965
EventEmitter,13,641,445,0.6942277691107644
EventEmitter,14,644,450,0.6987577639751553
EventEmitter,15,644,450,0.6987577639751553
EventEmitter,16,794,570,0.7178841309823678
EventEmitter,17,824,592,0.7184466019417476
EventEmitter,18,835,602,0.7209580838323353
EventEmitter,19,854,615,0.7201405152224825
EventEmitter,20,862,623,0.722737819025522
EventEmitter,21,862,623,0.722737819025522
EventEmitter,22,862,623,0.722737819025522
EventEmitter,23,862,623,0.722737819025522
EventEmitter,24,862,623,0.722737819025522
HanLP,1,30842,4324,0.14019843071136762
HanLP,2,30718,4370,0.1422618660069015
HanLP,3,31047,4451,0.1433632879183174
HanLP,4,31399,4491,0.14303003280359247
HanLP,5,32178,4723,0.1467773012617316
HanLP,6,33074,5318,0.16079095361915705
HanLP,7,33078,5318,0.16077150976479834
HanLP,8,33090,5405,0.16334239951647023
HanLP,9,33214,5416,0.16306376829047992
HanLP,10,33461,5476,0.16365320821254595
HanLP,11,33572,5522,0.16448230668414154
HanLP,12,37294,5664,0.1518742961334263
HanLP,13,37365,5688,0.15222802087515055
HanLP,14,37375,5688,0.15218729096989966
HanLP,15,37373,5688,0.15219543520723516
HanLP,16,37397,5712,0.15273952456079365
HanLP,17,37955,5759,0.15173231458305889
HanLP,18,38081,5799,0.1522806648985058
HanLP,19,38122,5852,0.1535071612192435
HanLP,20,38203,5909,0.1546737167238175
HanLP,21,38309,5964,0.15568143256153907
HanLP,22,39227,6071,0.15476585005225993
HanLP,23,39255,6062,0.15442618774678385
HanLP,24,39254,6062,0.15443012177102972
jsencrypt,1,11669,3825,0.3277915845402348
jsencrypt,2,11669,3825,0.3277915845402348
jsencrypt,3,11681,3825,0.32745484119510315
jsencrypt,4,11681,3825,0.32745484119510315
jsencrypt,5,11681,3825,0.32745484119510315
jsencrypt,6,11681,3825,0.32745484119510315
jsencrypt,7,11681,3825,0.32745484119510315
jsencrypt,8,11681,3825,0.32745484119510315
jsencrypt,9,11697,3825,0.3270069248525263
jsencrypt,10,11704,3825,0.32681134654818866
jsencrypt,11,11704,3825,0.32681134654818866
jsencrypt,12,11704,3825,0.32681134654818866
jsencrypt,13,11704,3825,0.32681134654818866
jsencrypt,14,11704,3825,0.32681134654818866
jsencrypt,15,11704,3825,0.32681134654818866
jsencrypt,16,11704,3825,0.32681134654818866
jsencrypt,17,11711,3825,0.3266160020493553
jsencrypt,18,11711,3825,0.3266160020493553
jsencrypt,19,11711,3825,0.3266160020493553
jsencrypt,20,11711,3825,0.3266160020493553
jsencrypt,21,11711,3825,0.3266160020493553
jsencrypt,22,11711,3825,0.3266160020493553
jsencrypt,23,11711,3825,0.3266160020493553
jsencrypt,24,11711,3825,0.3266160020493553
Flotr2,1,41848,5937,0.14187057923915122
Flotr2,2,41942,5937,0.1415526202851557
Flotr2,3,41942,5937,0.1415526202851557
Flotr2,4,41942,5937,0.1415526202851557
Flotr2,5,41942,5937,0.1415526202851557
Flotr2,6,41942,5937,0.1415526202851557
Flotr2,7,42055,5937,0.14117227440256808
Flotr2,8,42269,5937,0.14045754571908492
Flotr2,9,42269,5937,0.14045754571908492
Flotr2,10,42539,6200,0.14574860716048801
Flotr2,11,42539,6200,0.14574860716048801
Flotr2,12,42539,6200,0.14574860716048801
Flotr2,13,42542,6200,0.1457383291805745
Flotr2,14,42542,6200,0.1457383291805745
Flotr2,15,42542,6200,0.1457383291805745
Flotr2,16,37119,6209,0.16727282523774886
Flotr2,17,37119,6209,0.16727282523774886
Flotr2,18,37122,6209,0.16725930714939927
Flotr2,19,37122,6209,0.16725930714939927
Flotr2,20,41666,6211,0.149066385062161
Flotr2,21,41666,6211,0.149066385062161
Flotr2,22,41666,6211,0.149066385062161
Flotr2,23,41666,6211,0.149066385062161
Flotr2,24,41666,6211,0.149066385062161
nanoScrollerJS,1,4507,2868,0.6363434657199911
nanoScrollerJS,2,4507,2868,0.6363434657199911
nanoScrollerJS,3,4507,2868,0.6363434657199911
nanoScrollerJS,4,4667,2993,0.6413113349046496
nanoScrollerJS,5,4704,3027,0.6434948979591837
nanoScrollerJS,6,4704,3027,0.6434948979591837
nanoScrollerJS,7,4757,3027,0.636325415177633
nanoScrollerJS,8,4827,3200,0.6629376424280091
nanoScrollerJS,9,4827,3200,0.6629376424280091
nanoScrollerJS,10,4827,3200,0.6629376424280091
nanoScrollerJS,11,4839,3210,0.6633601983880967
nanoScrollerJS,12,4839,3210,0.6633601983880967
nanoScrollerJS,13,4965,3210,0.6465256797583081
nanoScrollerJS,14,4966,3210,0.6463954893274265
nanoScrollerJS,15,4966,3210,0.6463954893274265
nanoScrollerJS,16,4966,3210,0.6463954893274265
nanoScrollerJS,17,4999,3210,0.6421284256851371
nanoScrollerJS,18,5019,3210,0.639569635385535
nanoScrollerJS,19,5019,3210,0.639569635385535
nanoScrollerJS,20,5019,3210,0.639569635385535
nanoScrollerJS,21,5025,3210,0.6388059701492538
nanoScrollerJS,22,5058,3210,0.6346381969157769
nanoScrollerJS,23,5058,3210,0.6346381969157769
nanoScrollerJS,24,5058,3210,0.6346381969157769
AndroidAsync,1,11998,1202,0.10018336389398233
AndroidAsync,2,13017,1382,0.10616885611123915
AndroidAsync,3,13241,1437,0.10852654633335851
AndroidAsync,4,13563,1388,0.10233724102337241
AndroidAsync,5,13807,1388,0.10052871731730281
AndroidAsync,6,14297,1509,0.1055466181716444
AndroidAsync,7,14413,1522,0.10559911191285645
AndroidAsync,8,14432,1515,0.10497505543237251
AndroidAsync,9,14612,1515,0.10368190528332877
AndroidAsync,10,14703,1514,0.10297218254777936
AndroidAsync,11,15029,1590,0.10579546210659392
AndroidAsync,12,14882,1780,0.1196075796263943
AndroidAsync,13,14887,1786,0.1199704440115537
AndroidAsync,14,14942,1775,0.11879266497122205
AndroidAsync,15,15145,1822,0.12030373060415979
AndroidAsync,16,15187,1822,0.11997102785276882
AndroidAsync,17,15198,1823,0.11994999342018686
AndroidAsync,18,18738,1956,0.10438680755683638
AndroidAsync,19,18826,1992,0.10581111229151174
AndroidAsync,20,18997,1997,0.1051218613465284
AndroidAsync,21,19026,1997,0.10496163145169768
AndroidAsync,22,19426,1997,0.10280037063729024
AndroidAsync,23,19460,2003,0.10292908530318602
AndroidAsync,24,19439,2003,0.10304027984978652
wysihtml,1,89125,2884,0.03235904628330996
wysihtml,2,102574,2918,0.028447754791662606
wysihtml,3,23920,2977,0.12445652173913044
wysihtml,4,33462,3057,0.09135736058812982
wysihtml,5,34264,3174,0.09263366798972683
wysihtml,6,34567,3200,0.09257384210374056
wysihtml,7,34692,3215,0.09267266228525309
wysihtml,8,36152,3439,0.09512613410046471
wysihtml,9,36261,3477,0.09588814428725076
wysihtml,10,34157,3477,0.10179465409725678
wysihtml,11,35307,3507,0.09932874500807205
wysihtml,12,35432,3532,0.09968390155791375
wysihtml,13,35690,3532,0.09896329504062763
wysihtml,14,36057,3653,0.10131181185345425
wysihtml,15,36141,3661,0.10129769513848538
wysihtml,16,37175,3891,0.10466711499663753
wysihtml,17,38368,4029,0.10500938281901585
wysihtml,18,38422,4029,0.10486179792827026
wysihtml,19,38932,4037,0.10369361964450838
wysihtml,20,39129,4128,0.10549720156405736
wysihtml,21,39138,4128,0.10547294189789974
wysihtml,22,43183,4324,0.1001319963874673
wysihtml,23,43785,4324,0.09875528148909443
wysihtml,24,44313,4384,0.09893259314422405
mobile-chrome-apps,1,12549,7786,0.620447844449757
mobile-chrome-apps,2,14156,7753,0.5476829612884996
mobile-chrome-apps,3,18932,8250,0.435770124656666
mobile-chrome-apps,4,19103,8268,0.43281160027220855
mobile-chrome-apps,5,19682,8392,0.4263794329844528
mobile-chrome-apps,6,19873,8424,0.4238917123735722
mobile-chrome-apps,7,20252,8424,0.41595891763776416
mobile-chrome-apps,8,20917,8614,0.41181813835636083
mobile-chrome-apps,9,20760,8515,0.41016377649325625
mobile-chrome-apps,10,25223,8619,0.3417119295880744
mobile-chrome-apps,11,29450,10364,0.35191850594227503
mobile-chrome-apps,12,31539,11024,0.3495354957354387
mobile-chrome-apps,13,34115,11479,0.33647955444818994
mobile-chrome-apps,14,34316,11542,0.33634456230329873
mobile-chrome-apps,15,23781,11598,0.487700264917371
mobile-chrome-apps,16,23771,11628,0.4891674729712675
mobile-chrome-apps,17,13711,5285,0.3854569323900518
mobile-chrome-apps,18,11792,5285,0.448185210312076
mobile-chrome-apps,19,11793,5285,0.448147205969643
mobile-chrome-apps,20,11793,5285,0.448147205969643
mobile-chrome-apps,21,11793,5285,0.448147205969643
mobile-chrome-apps,22,11793,5285,0.448147205969643
mobile-chrome-apps,23,11793,5285,0.448147205969643
mobile-chrome-apps,24,11796,5285,0.44803323160393355
script.js,1,4484,90,0.02007136485280999
script.js,2,4484,90,0.02007136485280999
script.js,3,4484,90,0.02007136485280999
script.js,4,4484,90,0.02007136485280999
script.js,5,4484,90,0.02007136485280999
script.js,6,4484,90,0.02007136485280999
script.js,7,4484,90,0.02007136485280999
script.js,8,4484,90,0.02007136485280999
script.js,9,4484,90,0.02007136485280999
script.js,10,4484,90,0.02007136485280999
script.js,11,4504,98,0.021758436944937832
script.js,12,4504,98,0.021758436944937832
script.js,13,4504,98,0.021758436944937832
script.js,14,4499,98,0.021782618359635474
script.js,15,4499,98,0.021782618359635474
script.js,16,4499,98,0.021782618359635474
script.js,17,4499,98,0.021782618359635474
script.js,18,4499,98,0.021782618359635474
script.js,19,4499,98,0.021782618359635474
script.js,20,4499,98,0.021782618359635474
script.js,21,4499,98,0.021782618359635474
script.js,22,4499,98,0.021782618359635474
script.js,23,4499,98,0.021782618359635474
script.js,24,4493,98,0.021811707099933228
jQuery-File-Upload,1,3616,1167,0.32273230088495575
jQuery-File-Upload,2,3746,1176,0.3139348638547784
jQuery-File-Upload,3,3815,1176,0.30825688073394497
jQuery-File-Upload,4,3932,1176,0.2990844354018311
jQuery-File-Upload,5,3945,1178,0.29860583016476555
jQuery-File-Upload,6,3998,1193,0.2983991995997999
jQuery-File-Upload,7,4068,1151,0.2829400196656834
jQuery-File-Upload,8,4133,1173,0.28381321074280186
jQuery-File-Upload,9,4466,1159,0.2595163457232423
jQuery-File-Upload,10,4542,1159,0.25517393218846324
jQuery-File-Upload,11,4561,1159,0.25411094058320544
jQuery-File-Upload,12,4643,1159,0.24962308852035323
jQuery-File-Upload,13,4686,1177,0.2511737089201878
jQuery-File-Upload,14,4716,1177,0.24957591178965224
jQuery-File-Upload,15,4819,1177,0.24424154388877362
jQuery-File-Upload,16,5282,1168,0.22112836046951911
jQuery-File-Upload,17,5687,1168,0.20538069280815896
jQuery-File-Upload,18,5698,1168,0.20498420498420497
jQuery-File-Upload,19,5833,1168,0.20024001371506944
jQuery-File-Upload,20,5841,1169,0.20013696284882726
jQuery-File-Upload,21,6117,1170,0.19127023050514957
jQuery-File-Upload,22,6276,1170,0.1864244741873805
jQuery-File-Upload,23,6396,1204,0.1882426516572858
jQuery-File-Upload,24,6398,1204,0.18818380743982493
jeesite,1,146207,70,0.00047877324615100506
jeesite,2,146294,70,0.00047848852311099566
jeesite,3,146294,70,0.00047848852311099566
jeesite,4,180211,4696,0.026058342720477662
jeesite,5,239423,4696,0.019613821562673595
jeesite,6,239460,4696,0.019610790946295833
jeesite,7,239480,4696,0.019609153165191247
jeesite,8,239480,4696,0.019609153165191247
jeesite,9,239480,4696,0.019609153165191247
jeesite,10,239485,4696,0.01960874376265737
jeesite,11,239485,4696,0.01960874376265737
jeesite,12,239485,4696,0.01960874376265737
jeesite,13,239514,4696,0.019606369565035864
jeesite,14,239518,4696,0.019606042134620364
jeesite,15,239608,4696,0.019598677840472773
jeesite,16,239608,4696,0.019598677840472773
jeesite,17,239608,4696,0.019598677840472773
jeesite,18,299304,5217,0.017430438617592817
jeesite,19,299304,5217,0.017430438617592817
jeesite,20,299316,5217,0.017429739806759412
jeesite,21,300029,5817,0.0193881258145046
jeesite,22,300101,5817,0.01938347423034245
jeesite,23,300101,5817,0.01938347423034245
jeesite,24,300101,5817,0.01938347423034245
howler.js,1,724,0,0
howler.js,2,725,0,0
howler.js,3,725,0,0
howler.js,4,738,0,0
howler.js,5,747,0,0
howler.js,6,738,0,0
howler.js,7,755,0,0
howler.js,8,758,0,0
howler.js,9,775,0,0
howler.js,10,819,0,0
howler.js,11,1587,321,0.20226843100189035
howler.js,12,1595,324,0.2031347962382445
howler.js,13,1595,324,0.2031347962382445
howler.js,14,827,0,0
howler.js,15,1635,341,0.20856269113149847
howler.js,16,1635,341,0.20856269113149847
howler.js,17,1644,341,0.20742092457420924
howler.js,18,1644,341,0.20742092457420924
howler.js,19,827,0,0
howler.js,20,827,0,0
howler.js,21,827,0,0
howler.js,22,1644,341,0.20742092457420924
howler.js,23,1644,341,0.20742092457420924
howler.js,24,1644,341,0.20742092457420924
explainshell,1,21138,1059,0.050099347147317626
explainshell,2,21115,1065,0.05043807719630594
explainshell,3,21115,1065,0.05043807719630594
explainshell,4,21115,1065,0.05043807719630594
explainshell,5,21115,1065,0.05043807719630594
explainshell,6,21115,1065,0.05043807719630594
explainshell,7,21115,1065,0.05043807719630594
explainshell,8,21121,1067,0.05051844136167795
explainshell,9,21121,1067,0.05051844136167795
explainshell,10,20595,800,0.038844379703811605
explainshell,11,20611,810,0.039299403231284266
explainshell,12,20611,810,0.039299403231284266
explainshell,13,20611,810,0.039299403231284266
explainshell,14,20611,810,0.039299403231284266
explainshell,15,20611,810,0.039299403231284266
explainshell,16,20611,810,0.039299403231284266
explainshell,17,20611,810,0.039299403231284266
explainshell,18,20611,810,0.039299403231284266
explainshell,19,20637,810,0.03924989097252508
explainshell,20,20637,810,0.03924989097252508
explainshell,21,20637,810,0.03924989097252508
explainshell,22,20637,810,0.03924989097252508
explainshell,23,20638,810,0.0392479891462351
explainshell,24,20638,810,0.0392479891462351
lombok,1,22876,5816,0.2542402517922714
lombok,2,22896,5816,0.25401816911250874
lombok,3,22926,5816,0.2536857716130158
lombok,4,23176,5818,0.25103555402140143
lombok,5,23324,6145,0.26346252786829016
lombok,6,23924,6477,0.27073231901019895
lombok,7,23759,6156,0.25910181404941285
lombok,8,23837,6207,0.2603935058941981
lombok,9,23868,6221,0.26064186358304003
lombok,10,24336,6379,0.2621219592373438
lombok,11,25533,6522,0.25543414404887793
lombok,12,26020,6726,0.2584934665641814
lombok,13,26349,6999,0.26562677900489584
lombok,14,26676,7117,0.2667941220572799
lombok,15,27345,7534,0.27551654781495705
lombok,16,27779,7699,0.2771518053205659
lombok,17,28691,7842,0.27332613014534174
lombok,18,29082,8138,0.2798294477683791
lombok,19,30915,9169,0.2965874171114346
lombok,20,30941,9169,0.2963381920429204
lombok,21,30967,9169,0.29608938547486036
lombok,22,31298,9399,0.3003067288644642
lombok,23,31298,9399,0.3003067288644642
lombok,24,31298,9399,0.3003067288644642
accounting.js,1,4378,4155,0.9490634993147556
accounting.js,2,4378,4155,0.9490634993147556
accounting.js,3,4378,4155,0.9490634993147556
accounting.js,4,4378,4155,0.9490634993147556
accounting.js,5,4378,4155,0.9490634993147556
accounting.js,6,4378,4155,0.9490634993147556
accounting.js,7,4378,4155,0.9490634993147556
accounting.js,8,4378,4155,0.9490634993147556
accounting.js,9,4378,4155,0.9490634993147556
accounting.js,10,4378,4155,0.9490634993147556
accounting.js,11,4378,4155,0.9490634993147556
accounting.js,12,4378,4155,0.9490634993147556
accounting.js,13,4378,4155,0.9490634993147556
accounting.js,14,4378,4155,0.9490634993147556
accounting.js,15,4378,4155,0.9490634993147556
accounting.js,16,4378,4155,0.9490634993147556
accounting.js,17,4378,4155,0.9490634993147556
accounting.js,18,4378,4155,0.9490634993147556
accounting.js,19,4378,4155,0.9490634993147556
accounting.js,20,4378,4155,0.9490634993147556
accounting.js,21,4378,4155,0.9490634993147556
accounting.js,22,4378,4155,0.9490634993147556
accounting.js,23,4378,4155,0.9490634993147556
accounting.js,24,4378,4155,0.9490634993147556
disunity,1,4778,77,0.016115529510255338
disunity,2,4831,76,0.015731732560546472
disunity,3,4860,76,0.015637860082304528
disunity,4,4876,77,0.01579163248564397
disunity,5,5143,77,0.014971806338712814
disunity,6,5484,81,0.01477024070021882
disunity,7,5362,81,0.015106303618052964
disunity,8,5635,0,0
disunity,9,5631,0,0
disunity,10,7262,0,0
disunity,11,5631,0,0
disunity,12,3414,0,0
disunity,13,6841,51,0.007455050431223505
disunity,14,6362,51,0.008016347060672745
disunity,15,6939,51,0.007349762213575443
disunity,16,6943,51,0.007345527869796918
disunity,17,5720,51,0.008916083916083915
disunity,18,5720,51,0.008916083916083915
disunity,19,5720,51,0.008916083916083915
disunity,20,5720,51,0.008916083916083915
disunity,21,5720,51,0.008916083916083915
disunity,22,5720,51,0.008916083916083915
disunity,23,5729,51,0.008902077151335312
disunity,24,5729,51,0.008902077151335312
grequests,1,159,73,0.4591194968553459
grequests,2,159,73,0.4591194968553459
grequests,3,159,73,0.4591194968553459
grequests,4,159,73,0.4591194968553459
grequests,5,159,73,0.4591194968553459
grequests,6,159,73,0.4591194968553459
grequests,7,159,73,0.4591194968553459
grequests,8,159,73,0.4591194968553459
grequests,9,159,73,0.4591194968553459
grequests,10,159,73,0.4591194968553459
grequests,11,159,73,0.4591194968553459
grequests,12,159,73,0.4591194968553459
grequests,13,182,73,0.4010989010989011
grequests,14,184,73,0.3967391304347826
grequests,15,222,101,0.45495495495495497
grequests,16,222,101,0.45495495495495497
grequests,17,222,101,0.45495495495495497
grequests,18,222,0,0
grequests,19,279,0,0
grequests,20,279,0,0
grequests,21,279,0,0
grequests,22,220,0,0
grequests,23,220,0,0
grequests,24,220,0,0
backbone-forms,1,14993,9369,0.6248916160875075
backbone-forms,2,14786,9147,0.618625727039091
backbone-forms,3,14876,9226,0.6201936004302232
backbone-forms,4,14995,9250,0.6168722907635878
backbone-forms,5,15006,9258,0.616953218712515
backbone-forms,6,15012,9258,0.6167066346922462
backbone-forms,7,15012,9258,0.6167066346922462
backbone-forms,8,23511,18413,0.7831653268682744
backbone-forms,9,24488,19604,0.8005553740607645
backbone-forms,10,23243,18130,0.7800197909047886
backbone-forms,11,23243,18130,0.7800197909047886
backbone-forms,12,23243,18130,0.7800197909047886
backbone-forms,13,23262,18146,0.7800705012466684
backbone-forms,14,23341,18199,0.7797009554003684
backbone-forms,15,23487,18267,0.7777493932813897
backbone-forms,16,25346,20111,0.7934585338909492
backbone-forms,17,25350,20113,0.7934122287968441
backbone-forms,18,25552,20160,0.788979336255479
backbone-forms,19,25878,20372,0.7872323981760568
backbone-forms,20,25878,20372,0.7872323981760568
backbone-forms,21,35253,20372,0.5778798967463762
backbone-forms,22,35247,20372,0.5779782676539847
backbone-forms,23,35292,20401,0.5780630171143601
backbone-forms,24,35432,20425,0.5764563106796117
ahoy,1,1288,0,0
ahoy,2,1288,0,0
ahoy,3,1291,0,0
ahoy,4,1291,0,0
ahoy,5,1325,0,0
ahoy,6,1325,0,0
ahoy,7,1385,40,0.02888086642599278
ahoy,8,1397,40,0.02863278453829635
ahoy,9,1395,40,0.02867383512544803
ahoy,10,1395,40,0.02867383512544803
ahoy,11,1432,40,0.027932960893854747
ahoy,12,1506,40,0.02656042496679947
ahoy,13,1513,40,0.026437541308658295
ahoy,14,1513,40,0.026437541308658295
ahoy,15,1513,40,0.026437541308658295
ahoy,16,1515,40,0.026402640264026403
ahoy,17,1515,40,0.026402640264026403
ahoy,18,1513,40,0.026437541308658295
ahoy,19,1578,40,0.025348542458808618
ahoy,20,1578,40,0.025348542458808618
ahoy,21,1681,40,0.02379535990481856
ahoy,22,1693,40,0.02362669816893089
ahoy,23,1693,40,0.02362669816893089
ahoy,24,1693,40,0.02362669816893089
URI.js,1,6831,4133,0.6050358659054311
URI.js,2,6922,4180,0.6038717133776366
URI.js,3,6992,4218,0.6032608695652174
URI.js,4,7124,4263,0.5983997754070747
URI.js,5,7206,4347,0.6032472939217319
URI.js,6,7151,4289,0.599776255069221
URI.js,7,7145,4283,0.5994401679496151
URI.js,8,7146,4283,0.5993562832353765
URI.js,9,7760,4763,0.6137886597938145
URI.js,10,7797,4797,0.6152366294728742
URI.js,11,7797,4797,0.6152366294728742
URI.js,12,7797,4797,0.6152366294728742
URI.js,13,7760,4763,0.6137886597938145
URI.js,14,7797,4797,0.6152366294728742
URI.js,15,7878,4835,0.6137344503681137
URI.js,16,7908,4859,0.6144410723318159
URI.js,17,7908,4859,0.6144410723318159
URI.js,18,8323,5225,0.6277784452721374
URI.js,19,8323,5225,0.6277784452721374
URI.js,20,8323,5225,0.6277784452721374
URI.js,21,8323,5225,0.6277784452721374
URI.js,22,8479,5378,0.6342729095412195
URI.js,23,8480,5383,0.6347877358490566
URI.js,24,8480,5383,0.6347877358490566
jstree,1,3665,0,0
jstree,2,3744,0,0
jstree,3,4196,0,0
jstree,4,4572,0,0
jstree,5,4651,0,0
jstree,6,4651,0,0
jstree,7,4660,0,0
jstree,8,4660,0,0
jstree,9,4660,0,0
jstree,10,4660,0,0
jstree,11,5170,0,0
jstree,12,16594,36,0.0021694588405447753
jstree,13,16594,36,0.0021694588405447753
jstree,14,16896,36,0.002130681818181818
jstree,15,16896,36,0.002130681818181818
jstree,16,16796,36,0.0021433674684448677
jstree,17,16968,36,0.0021216407355021216
jstree,18,17208,36,0.0020920502092050207
jstree,19,17208,36,0.0020920502092050207
jstree,20,17208,36,0.0020920502092050207
jstree,21,17401,36,0.0020688466180104593
jstree,22,11105,36,0.0032417829806393518
jstree,23,7159,0,0
jstree,24,7463,0,0
sharedrop,1,29916,0,0
sharedrop,2,32724,0,0
sharedrop,3,32724,0,0
sharedrop,4,32722,0,0
sharedrop,5,32722,0,0
sharedrop,6,32722,0,0
sharedrop,7,3473,88,0.025338324215375754
sharedrop,8,3472,88,0.02534562211981567
sharedrop,9,3466,84,0.024235429890363532
sharedrop,10,3466,84,0.024235429890363532
sharedrop,11,3466,84,0.024235429890363532
sharedrop,12,3466,84,0.024235429890363532
sharedrop,13,3466,84,0.024235429890363532
sharedrop,14,3472,84,0.024193548387096774
sharedrop,15,3463,27,0.007796708056598325
sharedrop,16,3458,27,0.007807981492192018
sharedrop,17,3457,27,0.007810240092565809
sharedrop,18,3486,50,0.01434308663224326
sharedrop,19,3486,50,0.01434308663224326
sharedrop,20,3486,50,0.01434308663224326
sharedrop,21,3486,50,0.01434308663224326
sharedrop,22,3486,50,0.01434308663224326
sharedrop,23,3500,50,0.014285714285714285
sharedrop,24,3500,50,0.014285714285714285
jquery.transit,1,1747,0,0
jquery.transit,2,1753,0,0
jquery.transit,3,1747,0,0
jquery.transit,4,1747,0,0
jquery.transit,5,2229,45,0.020188425302826378
jquery.transit,6,2229,45,0.020188425302826378
jquery.transit,7,446,45,0.10089686098654709
jquery.transit,8,446,45,0.10089686098654709
jquery.transit,9,442,45,0.10180995475113122
jquery.transit,10,443,45,0.10158013544018059
jquery.transit,11,443,45,0.10158013544018059
jquery.transit,12,443,45,0.10158013544018059
jquery.transit,13,443,45,0.10158013544018059
jquery.transit,14,455,45,0.0989010989010989
jquery.transit,15,454,45,0.09911894273127753
jquery.transit,16,454,45,0.09911894273127753
jquery.transit,17,454,45,0.09911894273127753
jquery.transit,18,454,45,0.09911894273127753
jquery.transit,19,458,45,0.0982532751091703
jquery.transit,20,458,45,0.0982532751091703
jquery.transit,21,463,50,0.1079913606911447
jquery.transit,22,463,50,0.1079913606911447
jquery.transit,23,472,50,0.1059322033898305
jquery.transit,24,472,50,0.1059322033898305
node-gyp,1,33502,10764,0.32129425108948717
node-gyp,2,33490,10764,0.32140937593311436
node-gyp,3,35685,9864,0.2764186633039092
node-gyp,4,35696,9864,0.2763334827431645
node-gyp,5,36580,11542,0.31552761071623836
node-gyp,6,47598,14101,0.29625194335896465
node-gyp,7,41381,7646,0.18477078852613518
node-gyp,8,35776,2068,0.057804114490161
node-gyp,9,35801,2068,0.057763749615932516
node-gyp,10,35816,2068,0.05773955773955774
node-gyp,11,36259,2144,0.05913014699798671
node-gyp,12,36267,2144,0.059117103703090965
node-gyp,13,36272,2144,0.05910895456550507
node-gyp,14,37599,2144,0.057022793159392536
node-gyp,15,37666,2144,0.056921361440025485
node-gyp,16,37666,2144,0.056921361440025485
node-gyp,17,37667,2144,0.056919850266811796
node-gyp,18,37669,2144,0.05691682816108737
node-gyp,19,37669,2144,0.05691682816108737
node-gyp,20,44146,8287,0.18771802654827163
node-gyp,21,44146,8287,0.18771802654827163
node-gyp,22,44146,8287,0.18771802654827163
node-gyp,23,44148,8287,0.18770952251517622
node-gyp,24,44148,8287,0.18770952251517622
cobar,1,73889,14825,0.20063879603188567
cobar,2,73889,14825,0.20063879603188567
cobar,3,73890,14825,0.2006360806604412
cobar,4,73890,14825,0.2006360806604412
cobar,5,73890,14825,0.2006360806604412
cobar,6,73890,14825,0.2006360806604412
cobar,7,73890,14825,0.2006360806604412
cobar,8,73892,14825,0.2006306501380393
cobar,9,73892,14825,0.2006306501380393
cobar,10,73892,14825,0.2006306501380393
cobar,11,74022,14825,0.20027829564183622
cobar,12,74022,14825,0.20027829564183622
cobar,13,74022,14825,0.20027829564183622
cobar,14,74023,14825,0.20027559001931833
cobar,15,74023,14825,0.20027559001931833
cobar,16,74023,14825,0.20027559001931833
cobar,17,74023,14825,0.20027559001931833
cobar,18,74023,14825,0.20027559001931833
cobar,19,74023,14825,0.20027559001931833
cobar,20,74023,14825,0.20027559001931833
cobar,21,74023,14825,0.20027559001931833
cobar,22,74023,14825,0.20027559001931833
cobar,23,74023,14825,0.20027559001931833
cobar,24,74023,14825,0.20027559001931833
Android-Terminal-Emulator,1,4600,0,0
Android-Terminal-Emulator,2,4993,0,0
Android-Terminal-Emulator,3,3176,0,0
Android-Terminal-Emulator,4,5518,0,0
Android-Terminal-Emulator,5,3655,0,0
Android-Terminal-Emulator,6,5694,0,0
Android-Terminal-Emulator,7,5779,0,0
Android-Terminal-Emulator,8,7059,0,0
Android-Terminal-Emulator,9,7068,0,0
Android-Terminal-Emulator,10,7068,0,0
Android-Terminal-Emulator,11,3660,0,0
Android-Terminal-Emulator,12,7259,115,0.015842402534784406
Android-Terminal-Emulator,13,8236,384,0.04662457503642545
Android-Terminal-Emulator,14,8237,384,0.046618914653393226
Android-Terminal-Emulator,15,8237,384,0.046618914653393226
Android-Terminal-Emulator,16,8312,384,0.04619826756496631
Android-Terminal-Emulator,17,8501,384,0.04517115633454888
Android-Terminal-Emulator,18,8507,384,0.04513929704948866
Android-Terminal-Emulator,19,8507,384,0.04513929704948866
Android-Terminal-Emulator,20,8529,384,0.04502286317270489
Android-Terminal-Emulator,21,8617,384,0.04456307299524196
Android-Terminal-Emulator,22,8711,384,0.044082194925955685
Android-Terminal-Emulator,23,8719,384,0.04404174790687006
Android-Terminal-Emulator,24,8730,384,0.04398625429553265
pythonpy,1,457,42,0.09190371991247265
pythonpy,2,457,42,0.09190371991247265
pythonpy,3,457,42,0.09190371991247265
pythonpy,4,457,42,0.09190371991247265
pythonpy,5,460,42,0.09130434782608696
pythonpy,6,480,41,0.08541666666666667
pythonpy,7,480,41,0.08541666666666667
pythonpy,8,480,41,0.08541666666666667
pythonpy,9,480,41,0.08541666666666667
pythonpy,10,480,41,0.08541666666666667
pythonpy,11,480,41,0.08541666666666667
pythonpy,12,480,41,0.08541666666666667
pythonpy,13,480,41,0.08541666666666667
pythonpy,14,480,41,0.08541666666666667
pythonpy,15,480,41,0.08541666666666667
pythonpy,16,481,41,0.08523908523908524
pythonpy,17,481,41,0.08523908523908524
pythonpy,18,493,41,0.08316430020283976
pythonpy,19,493,41,0.08316430020283976
pythonpy,20,478,41,0.08577405857740586
pythonpy,21,478,41,0.08577405857740586
pythonpy,22,478,41,0.08577405857740586
pythonpy,23,478,41,0.08577405857740586
pythonpy,24,478,41,0.08577405857740586
wechat-php-sdk,1,3466,151,0.04356607039815349
wechat-php-sdk,2,3654,151,0.04132457580733443
wechat-php-sdk,3,3658,151,0.04127938764352105
wechat-php-sdk,4,3658,151,0.04127938764352105
wechat-php-sdk,5,3802,151,0.03971593897948448
wechat-php-sdk,6,4271,244,0.05712947787403418
wechat-php-sdk,7,5159,244,0.047295987594495055
wechat-php-sdk,8,5205,244,0.04687800192122959
wechat-php-sdk,9,5205,244,0.04687800192122959
wechat-php-sdk,10,5549,244,0.04397188682645522
wechat-php-sdk,11,5727,244,0.04260520342238519
wechat-php-sdk,12,9156,270,0.02948885976408912
wechat-php-sdk,13,9188,270,0.02938615585546365
wechat-php-sdk,14,9598,270,0.028130860595957492
wechat-php-sdk,15,8748,898,0.10265203475080019
wechat-php-sdk,16,8857,896,0.10116292198261262
wechat-php-sdk,17,8859,896,0.10114008353087256
wechat-php-sdk,18,9234,896,0.09703270521983973
wechat-php-sdk,19,9286,896,0.0964893387895757
wechat-php-sdk,20,9286,896,0.0964893387895757
wechat-php-sdk,21,9286,896,0.0964893387895757
wechat-php-sdk,22,9302,896,0.09632337131799613
wechat-php-sdk,23,9360,896,0.09572649572649573
wechat-php-sdk,24,9360,896,0.09572649572649573
dotfiles,1,2587,1117,0.4317742558948589
dotfiles,2,2587,1117,0.4317742558948589
dotfiles,3,2587,1117,0.4317742558948589
dotfiles,4,2587,1117,0.4317742558948589
dotfiles,5,2587,1117,0.4317742558948589
dotfiles,6,2623,1117,0.4258482653450248
dotfiles,7,2623,1117,0.4258482653450248
dotfiles,8,2626,1117,0.42536176694592537
dotfiles,9,2626,1117,0.42536176694592537
dotfiles,10,2626,1117,0.42536176694592537
dotfiles,11,2595,1117,0.4304431599229287
dotfiles,12,2595,1117,0.4304431599229287
dotfiles,13,2595,1117,0.4304431599229287
dotfiles,14,2595,1117,0.4304431599229287
dotfiles,15,2729,1117,0.4093074386222059
dotfiles,16,2729,1117,0.4093074386222059
dotfiles,17,2729,1117,0.4093074386222059
dotfiles,18,2729,1117,0.4093074386222059
dotfiles,19,2729,1117,0.4093074386222059
dotfiles,20,2729,1117,0.4093074386222059
dotfiles,21,2729,1117,0.4093074386222059
dotfiles,22,2729,1117,0.4093074386222059
dotfiles,23,2729,1117,0.4093074386222059
dotfiles,24,2729,1117,0.4093074386222059
textAngular,1,4052,2797,0.6902764067127345
textAngular,2,5806,3960,0.6820530485704444
textAngular,3,6366,4143,0.6508011310084826
textAngular,4,6857,4474,0.6524719264984687
textAngular,5,6987,4516,0.6463432088163733
textAngular,6,7723,5141,0.6656739608960248
textAngular,7,7823,5202,0.6649622906813243
textAngular,8,8043,5299,0.6588337684943429
textAngular,9,8887,5926,0.6668166985484415
textAngular,10,8951,5905,0.6597028264998325
textAngular,11,11060,5963,0.5391500904159132
textAngular,12,11391,6112,0.536563953998771
textAngular,13,11870,6291,0.5299915754001685
textAngular,14,11922,6296,0.5280993121959403
textAngular,15,12008,6327,0.5268987341772152
textAngular,16,12220,6472,0.5296235679214403
textAngular,17,12222,6472,0.5295369006709213
textAngular,18,12470,6496,0.5209302325581395
textAngular,19,12538,6539,0.5215345350135587
textAngular,20,12675,6554,0.5170808678500987
textAngular,21,13097,6554,0.5004199434985112
textAngular,22,13111,6559,0.5002669514148425
textAngular,23,13134,6585,0.5013704888076748
textAngular,24,12764,6585,0.5159041052961454
var-dumper,1,2250,219,0.09733333333333333
var-dumper,2,2410,370,0.15352697095435686
var-dumper,3,2485,393,0.15814889336016097
var-dumper,4,2592,496,0.19135802469135801
var-dumper,5,3415,862,0.252415812591508
var-dumper,6,3595,956,0.2659248956884562
var-dumper,7,2654,562,0.21175584024114544
var-dumper,8,3693,975,0.26401299756295693
var-dumper,9,3693,975,0.26401299756295693
var-dumper,10,3817,975,0.255436206444852
var-dumper,11,3531,898,0.2543188898329085
var-dumper,12,4232,1225,0.28946124763705106
var-dumper,13,4232,1225,0.28946124763705106
var-dumper,14,4232,1225,0.28946124763705106
var-dumper,15,4319,1262,0.29219726788608474
var-dumper,16,4263,1246,0.2922824302134647
var-dumper,17,4309,1247,0.2893942910187979
var-dumper,18,4267,1246,0.2920084368408718
var-dumper,19,4380,1306,0.29817351598173514
var-dumper,20,4319,1253,0.2901134521880065
var-dumper,21,4897,1659,0.3387788441903206
var-dumper,22,5434,1900,0.34965034965034963
var-dumper,23,5450,1912,0.3508256880733945
var-dumper,24,5483,1955,0.3565566295823454
chartkick,1,645,20,0.031007751937984496
chartkick,2,654,20,0.03058103975535168
chartkick,3,660,20,0.030303030303030304
chartkick,4,742,20,0.026954177897574125
chartkick,5,742,20,0.026954177897574125
chartkick,6,742,20,0.026954177897574125
chartkick,7,749,20,0.0267022696929239
chartkick,8,817,25,0.030599755201958383
chartkick,9,817,25,0.030599755201958383
chartkick,10,817,25,0.030599755201958383
chartkick,11,817,25,0.030599755201958383
chartkick,12,817,25,0.030599755201958383
chartkick,13,817,25,0.030599755201958383
chartkick,14,818,25,0.030562347188264057
chartkick,15,818,25,0.030562347188264057
chartkick,16,818,25,0.030562347188264057
chartkick,17,818,25,0.030562347188264057
chartkick,18,818,25,0.030562347188264057
chartkick,19,818,25,0.030562347188264057
chartkick,20,818,25,0.030562347188264057
chartkick,21,818,25,0.030562347188264057
chartkick,22,894,25,0.02796420581655481
chartkick,23,894,25,0.02796420581655481
chartkick,24,901,25,0.02774694783573807
houston,1,174,0,0
houston,2,174,0,0
houston,3,174,0,0
houston,4,174,0,0
houston,5,374,179,0.4786096256684492
houston,6,379,179,0.47229551451187335
houston,7,379,179,0.47229551451187335
houston,8,379,179,0.47229551451187335
houston,9,379,179,0.47229551451187335
houston,10,379,179,0.47229551451187335
houston,11,378,179,0.47354497354497355
houston,12,409,209,0.511002444987775
houston,13,512,309,0.603515625
houston,14,540,315,0.5833333333333334
houston,15,563,345,0.6127886323268206
houston,16,563,345,0.6127886323268206
houston,17,563,345,0.6127886323268206
houston,18,563,345,0.6127886323268206
houston,19,563,345,0.6127886323268206
houston,20,573,355,0.6195462478184991
houston,21,573,355,0.6195462478184991
houston,22,573,355,0.6195462478184991
houston,23,573,355,0.6195462478184991
houston,24,573,355,0.6195462478184991
process,1,962,312,0.32432432432432434
process,2,962,318,0.3305613305613306
process,3,1006,341,0.3389662027833002
process,4,1006,341,0.3389662027833002
process,5,1030,350,0.33980582524271846
process,6,1339,584,0.4361463778939507
process,7,1284,573,0.4462616822429907
process,8,1415,623,0.4402826855123675
process,9,1435,641,0.4466898954703833
process,10,1438,646,0.44923504867872044
process,11,1444,646,0.4473684210526316
process,12,1535,723,0.4710097719869707
process,13,1906,1004,0.5267576075550892
process,14,1906,1004,0.5267576075550892
process,15,1927,1019,0.5288012454592631
process,16,2092,1079,0.515774378585086
process,17,2099,1116,0.531681753215817
process,18,2213,1162,0.5250790781744239
process,19,2207,1162,0.526506570004531
process,20,2217,1174,0.5295444294091114
process,21,2220,1174,0.5288288288288289
process,22,2233,1174,0.5257501119570085
process,23,2312,1205,0.5211937716262975
process,24,2725,1474,0.5409174311926606
routing,1,3882,1929,0.49690880989180836
routing,2,3884,1934,0.4979402677651905
routing,3,4029,2000,0.4964010920824026
routing,4,4099,2064,0.5035374481580873
routing,5,4086,2065,0.5053842388644151
routing,6,4074,2049,0.5029455081001473
routing,7,4077,2049,0.5025754231052244
routing,8,5046,2708,0.536662703131193
routing,9,5074,2717,0.5354749704375247
routing,10,5471,2925,0.5346371778468287
routing,11,5530,2962,0.535623869801085
routing,12,5490,2967,0.5404371584699453
routing,13,5505,2968,0.5391462306993642
routing,14,5590,3053,0.5461538461538461
routing,15,5546,2974,0.5362423368193292
routing,16,5644,3068,0.5435861091424522
routing,17,5590,2989,0.5347048300536673
routing,18,5763,3089,0.5360055526635433
routing,19,5763,3089,0.5360055526635433
routing,20,5787,3108,0.5370658372213583
routing,21,5808,3129,0.5387396694214877
routing,22,6115,3393,0.5548650858544563
routing,23,6114,3393,0.5549558390578999
routing,24,5800,3235,0.5577586206896552
Chat-API,1,10615,289,0.027225624116815828
Chat-API,2,10594,289,0.02727959222201246
Chat-API,3,9933,289,0.029094936071680257
Chat-API,4,9615,97,0.010088403536141446
Chat-API,5,9680,97,0.010020661157024793
Chat-API,6,6555,97,0.014797864225781845
Chat-API,7,7214,97,0.013446077072359302
Chat-API,8,8120,97,0.011945812807881774
Chat-API,9,8193,97,0.011839375076284634
Chat-API,10,8168,97,0.011875612144955926
Chat-API,11,8168,97,0.011875612144955926
Chat-API,12,15359,1031,0.06712676606549906
Chat-API,13,15359,1031,0.06712676606549906
Chat-API,14,16516,1118,0.06769193509324292
Chat-API,15,16619,1118,0.06727239906131537
Chat-API,16,17095,1117,0.06534074290728283
Chat-API,17,17098,1117,0.06532927827816119
Chat-API,18,17098,1117,0.06532927827816119
Chat-API,19,17099,1117,0.06532545762910112
Chat-API,20,17118,1117,0.06525295011099427
Chat-API,21,17164,1160,0.06758331391284082
Chat-API,22,17164,1160,0.06758331391284082
Chat-API,23,17164,1160,0.06758331391284082
Chat-API,24,17164,1160,0.06758331391284082
chronic,1,3194,1212,0.3794614902943018
chronic,2,3194,1212,0.3794614902943018
chronic,3,3194,1212,0.3794614902943018
chronic,4,3194,1212,0.3794614902943018
chronic,5,3194,1212,0.3794614902943018
chronic,6,3194,1212,0.3794614902943018
chronic,7,3194,1212,0.3794614902943018
chronic,8,3194,1212,0.3794614902943018
chronic,9,3194,1212,0.3794614902943018
chronic,10,3173,1191,0.3753545540497951
chronic,11,3211,1215,0.37838679539084397
chronic,12,3211,1215,0.37838679539084397
chronic,13,3211,1215,0.37838679539084397
chronic,14,3181,1199,0.37692549512731843
chronic,15,3174,1191,0.3752362948960302
chronic,16,3176,1194,0.37594458438287154
chronic,17,3412,1347,0.3947831184056272
chronic,18,3555,1433,0.4030942334739803
chronic,19,3570,1441,0.40364145658263306
chronic,20,3610,1457,0.403601108033241
chronic,21,3612,1459,0.40393133997785163
chronic,22,3658,1477,0.40377255330781847
chronic,23,3679,1498,0.4071758630062517
chronic,24,3679,1498,0.4071758630062517
StickyListHeaders,1,571,108,0.18914185639229422
StickyListHeaders,2,741,125,0.16869095816464239
StickyListHeaders,3,800,124,0.155
StickyListHeaders,4,982,125,0.12729124236252545
StickyListHeaders,5,1282,171,0.13338533541341654
StickyListHeaders,6,1379,174,0.126178390137781
StickyListHeaders,7,1084,250,0.23062730627306274
StickyListHeaders,8,1075,259,0.24093023255813953
StickyListHeaders,9,1121,263,0.23461195361284568
StickyListHeaders,10,1122,263,0.23440285204991088
StickyListHeaders,11,1261,196,0.15543219666931007
StickyListHeaders,12,1395,196,0.14050179211469535
StickyListHeaders,13,1344,205,0.15252976190476192
StickyListHeaders,14,1485,270,0.18181818181818182
StickyListHeaders,15,1504,278,0.1848404255319149
StickyListHeaders,16,1587,288,0.18147448015122875
StickyListHeaders,17,1588,288,0.181360201511335
StickyListHeaders,18,1621,309,0.1906230721776681
StickyListHeaders,19,1621,309,0.1906230721776681
StickyListHeaders,20,1619,296,0.18282890673255095
StickyListHeaders,21,2075,392,0.18891566265060242
StickyListHeaders,22,2075,392,0.18891566265060242
StickyListHeaders,23,2075,392,0.18891566265060242
StickyListHeaders,24,2088,392,0.18773946360153257
fake-s3,1,1180,310,0.2627118644067797
fake-s3,2,1180,310,0.2627118644067797
fake-s3,3,1180,310,0.2627118644067797
fake-s3,4,1180,310,0.2627118644067797
fake-s3,5,1180,310,0.2627118644067797
fake-s3,6,1180,310,0.2627118644067797
fake-s3,7,1180,310,0.2627118644067797
fake-s3,8,1180,310,0.2627118644067797
fake-s3,9,1180,310,0.2627118644067797
fake-s3,10,1302,377,0.28955453149001537
fake-s3,11,1223,343,0.2804578904333606
fake-s3,12,1223,343,0.2804578904333606
fake-s3,13,1353,405,0.29933481152993346
fake-s3,14,1353,405,0.29933481152993346
fake-s3,15,1353,405,0.29933481152993346
fake-s3,16,1353,405,0.29933481152993346
fake-s3,17,1353,405,0.29933481152993346
fake-s3,18,1353,405,0.29933481152993346
fake-s3,19,1353,405,0.29933481152993346
fake-s3,20,1353,405,0.29933481152993346
fake-s3,21,1353,405,0.29933481152993346
fake-s3,22,1353,405,0.29933481152993346
fake-s3,23,1482,486,0.32793522267206476
fake-s3,24,1482,486,0.32793522267206476
